name,age,street,city,state,zip,lng,lat
Haley Parker,66,829 Faith Extensions Suite 168,Stephaniehaven,Kansas,79236,34.440054,88.927704
Lisa Camacho,36,64145 Stephanie Light Suite 183,South Lisaborough,Kansas,25334,50.567997,76.9146285
Kaitlyn Mahoney,34,7936 Hopkins Trail Suite 749,Monicaton,Vermont,17643,179.742217,-17.670277
Melissa Anderson,57,451 Amber Coves Suite 053,West Cathyfort,South Dakota,95437,67.515652,-25.5173165
Patricia Ballard,68,8457 Dawn Shoal Suite 912,Hollyberg,Nevada,45979,179.907547,13.24336
Nichole Jordan,44,318 White Key,Elliottport,Tennessee,2951,159.618589,26.650727
Madeline Shaffer,75,68021 Kelly Course,New Scott,Nebraska,4367,-46.335816,40.352649
Terry Hodges,27,7993 Paul Trail,Millermouth,Delaware,45324,167.408267,-44.7912725
Michael Roberson,64,917 Allen Lane Apt. 242,Lake Aliciaville,Kentucky,18930,-128.519557,-88.0207415
Tammy Rubio,20,147 Pamela Turnpike,Mccoyport,Arizona,98143,-34.813745,37.31562
Justin Cantrell,25,8897 Patton Roads Apt. 626,West Alejandra,Delaware,7914,44.155675,-7.223384
Michael Hamilton,80,3981 Valerie Prairie Apt. 327,Smithchester,Pennsylvania,56487,-72.824815,-28.520673
Terry Hogan,32,4531 Joshua Station Suite 519,Brownfurt,Tennessee,4223,1.116558,-68.9785315
Brittney Snyder,76,686 Graham Parkway Apt. 419,Wendyberg,Texas,3959,90.465471,66.318688
Anna Garza,67,2138 Washington Throughway Apt. 802,Walkerland,Illinois,11242,-75.774932,-57.721571
Logan Hall,67,92117 Martin River,West Wayneview,Vermont,3929,-34.502883,-87.502828
Michael Curry,26,985 Hicks Roads Suite 689,Rebeccamouth,Pennsylvania,34406,-157.541184,-24.336411
Danielle Hall,32,219 Ford Circles Apt. 072,Millerfort,Louisiana,13466,-22.216314,86.302401
Kathryn Pham,28,7376 Adrian Port Apt. 794,Hancockchester,Kentucky,20880,-31.033205,-52.393903
Derrick Turner,68,0936 Burns Flats,Rangelton,Nevada,75528,63.259689,-86.34855
Stephen Parker,70,5455 Hayden Glens Apt. 422,Parsonsfurt,South Carolina,33160,71.564519,50.4932425
Caroline Daugherty,72,8722 Danielle Rapid Suite 906,South Carl,New York,44704,98.842689,-21.521253
Hannah Schneider,60,52662 Barnes Prairie Apt. 223,West Rebecca,New Mexico,82675,-141.846323,31.978412
Michele Odom,69,30434 Robert Valley,Lewisland,Hawaii,40529,19.042639,84.854246
Laura Reyes,71,70246 Bill Path,Lake Seth,Colorado,58660,133.755478,23.174288
Bradley Daniel,60,65127 Ann Circles Apt. 681,New Samanthaborough,Mississippi,23037,26.313075,-17.980229
Mark Cox,46,309 Espinoza Ports Apt. 155,Lake Bill,Minnesota,73303,144.080041,22.883057
Adam Hamilton,60,9561 Tracy Lane Apt. 500,Juanport,Indiana,19805,-171.630088,-72.6282335
Kathleen Wilson,31,08959 Amber Mountains Apt. 109,Loweryborough,Alaska,34334,-20.439167,-89.8569675
David Ingram,72,94300 Mitchell Vista Apt. 156,Brandonstad,Missouri,95881,-150.840199,-47.275289
Claudia Robinson,52,362 Cunningham Locks,East Thomas,Oregon,75903,-105.159641,-68.3163175
Patricia Richard,58,5524 Brian Dam Apt. 177,Cookmouth,Hawaii,86420,-168.116645,22.0819555
Nancy Green,21,76759 Jasmine Fields,Frankbury,Alabama,8260,-126.784727,-13.9172105
Kathleen Ortega,59,8501 James Path Apt. 922,Jennifertown,Nebraska,52627,116.330326,19.453611
Sean Mendez,43,04052 Anthony Meadows,East Wandamouth,Connecticut,56001,-82.042797,-51.9419985
Charles Kennedy,27,6994 Massey Pike,New Colleentown,Kansas,66227,11.911504,87.290718
Kimberly Garrison,35,57730 Hatfield Plaza Suite 333,West Elizabeth,Hawaii,14780,-79.140365,-44.4153015
David Robertson,51,570 Antonio Fields,Amandamouth,Indiana,90314,6.022066,47.1915185
Cheyenne Davis,26,9984 Williams Hills,Lake Tylerville,Indiana,53301,107.901342,-85.052668
Mark Serrano,52,43825 Jennifer Plaza,Port Jason,Virginia,13770,118.468108,-21.9352245
Kevin Lyons,78,58744 Hughes Lights Apt. 342,North Richard,Wyoming,16455,120.065881,-46.203983
Kaitlyn Jones,34,36155 William Union Apt. 689,New Chrisville,New Mexico,68376,-124.770602,54.113175
Frank Benton,22,7248 Ortiz Manor,Thomasmouth,Florida,44503,116.429304,-63.6065515
Andrew West,46,92411 Murray Grove Suite 344,East Kayla,Indiana,78554,21.451402,-4.1542705
Elizabeth Decker,28,00332 Sparks Neck Apt. 783,Richardbury,Rhode Island,65681,48.518685,25.008295
Donald Smith,29,0005 Justin Squares,Cruzshire,Alaska,45908,-128.293926,68.0820665
Paul Morrison,62,2222 Sanders Avenue Apt. 866,West Shaneland,New Mexico,41784,52.564152,-36.462055
Marcus Sanchez,52,733 Wilson View Apt. 490,West Bradleyhaven,Washington,37027,158.083968,80.7651435
Nicole Jones,79,15770 Matthew Trail Suite 982,Pachecoburgh,Alabama,50524,-11.395236,-79.8272005
Sandra Rose,69,3217 Zachary Shoals,Chadborough,South Dakota,18190,146.764045,-80.3545305
Sheila Walker,41,2025 Stacey Way,South Joshuatown,Maryland,97603,127.27676,-5.69049
Ethan Watkins,70,39565 Jackson Manors Apt. 493,Cortezfort,Colorado,67342,-4.595661,-84.1113665
Jeffrey Medina,55,143 Brian Harbor Suite 253,New Stephanie,Michigan,13603,152.187732,63.283706
Brian Peterson,22,320 Jones Dale,East Michelleburgh,South Carolina,74836,-164.157409,-86.592727
Amy Robinson,59,31353 Garcia Valleys,Williamsstad,Michigan,97899,-66.409981,-8.000972
Eric Daniel,48,451 Darrell Lodge,South Lauren,Texas,65995,-38.916852,3.6527365
Tara Baker,73,5487 Moore Way,South Catherinetown,Nevada,98872,93.819421,-51.176763
Sheila Lawrence,49,423 Katie Summit,East Alicia,Virginia,93859,86.38441,87.852256
Karen Martin,28,8864 Gray Cliffs Apt. 896,Belltown,Maryland,45305,132.293913,-58.996356
Paula Davis,19,182 Brian Hills,East Rogerview,Indiana,17923,-5.164947,78.310301
Matthew Barrera,42,64008 King Forge,Kingstad,Florida,26561,-131.740602,56.7769135
Alexis Collins,74,173 Stephanie Squares Apt. 175,Connieside,Texas,49883,-37.529665,45.6426215
Leslie Stephens,65,4268 Cohen Junctions Apt. 186,Caseyfort,North Carolina,93123,-9.516526,27.202285
Tony Coleman,54,732 Mark Points Suite 989,North Keith,Nevada,93558,-128.627487,-13.1390335
Charles Chung,55,9757 Dennis Fords Suite 363,North Daniel,Louisiana,2179,-30.038163,74.058813
William Morgan,38,298 Lauren River Suite 686,Bellmouth,Nevada,55193,-165.157471,-27.821585
Bradley Sanchez,73,193 Ramsey Stravenue Suite 878,Courtneytown,New Hampshire,27934,-30.92063,-6.0770825
Guy Roberts,19,1257 Mclean Mount,Port Travisbury,Massachusetts,65531,96.722069,56.0358615
Leonard Jordan,50,40921 Odom Mall Apt. 988,Hollowayfort,Ohio,90707,-17.02256,-89.8455625
Nicholas George,72,6376 Ortiz Plains,Lake Juan,South Carolina,44137,110.24553,-47.0418855
Heather Bell,31,297 Berry Glen,East Sarahville,New York,87004,146.300725,-50.3412095
Daniel Miller,51,819 Lambert Crescent,South Justinmouth,Illinois,32102,111.058557,42.432052
Brian Santos,75,9043 Montgomery Ville Suite 205,Garrettshire,Oklahoma,75146,-51.119045,-14.7981685
Frank Elliott,41,6869 Moses Flat Apt. 775,Neilburgh,North Carolina,49876,51.765673,42.0988415
Donald Peterson,73,0692 Thompson Mall Suite 706,Austinside,New Mexico,94157,-82.040985,68.7919245
Connie Olson,32,669 Samantha Mission Apt. 245,Larahaven,Texas,30662,77.400759,52.0044015
Danielle Rios,62,35223 Chen Ways Suite 214,South Bobby,Virginia,54681,-146.065111,32.0142445
Shannon Morales,59,72076 Ronald Forks Suite 830,West Justinbury,Missouri,25101,41.709304,-0.0486785
April Peck,44,943 Wells Forest,New Jasonport,Missouri,47633,-73.880837,10.61482
Kirk Hughes,65,93172 Melissa Rapids,Chavezshire,Pennsylvania,8451,-61.982378,-36.2292145
Denise Grant DDS,49,61811 Parker Circle Apt. 103,Ethanshire,Massachusetts,14899,156.992199,86.4251815
Jeffrey Case,24,94147 Rosales Spur,New Jillian,Ohio,55194,-173.967181,-79.907572
Charles Fletcher,27,092 Howard Islands Apt. 301,North Lisa,Massachusetts,24861,-32.609754,-8.6912945
Danielle Wagner,33,313 Webb Hill,Lake Trevorbury,Arizona,31928,-44.45661,-31.6752315
Matthew Romero,38,5298 Brady Row,Robertborough,Kansas,17497,71.375094,22.290589
Jessica Frye,47,4730 Corey Row Apt. 575,Guerreroland,Mississippi,88289,-83.007491,64.5258635
Robert Perkins,27,82359 Patrick Alley,Lisaside,Kansas,8663,-160.563624,63.835715
Jordan Phelps,55,71287 Jamie Village,New Tonyberg,Massachusetts,2768,-134.301415,-32.1042925
Justin Fernandez,33,34884 Matthew Points Apt. 087,Stewarttown,Oklahoma,48417,31.937385,27.947047
Damon Miller,76,423 Kent Stravenue Suite 124,Rodriguezport,Montana,73035,90.816732,-54.700898
Nicole Walker,63,65960 Olivia Crescent Suite 208,Ryanhaven,Texas,14692,49.418884,-6.4375165
Crystal Ford,76,2188 Andrew Cliff,Goodborough,Indiana,44680,-109.180088,-25.6969185
Monica Franklin,43,8469 Scott Manors Apt. 142,Pamelashire,Idaho,72700,109.243041,-60.136071
Angela Hicks,76,2195 Sanders Spring Apt. 320,Nicoleshire,Wisconsin,27375,136.629198,-13.610745
Tonya Nguyen,54,89254 Andrews Cliffs,Grossville,Kansas,5173,150.164977,-22.4553455
Marie Steele DVM,27,62975 Nichols Ridge Suite 934,Lisabury,Kansas,18211,167.712294,-19.5582775
David West,48,19028 Olson Way Apt. 153,New Samantha,California,45240,156.412167,-59.14581
Trevor Davis,62,776 Kelsey Pine,Lake Kyleside,Minnesota,94059,93.335172,-87.508864
Brandon Smith,32,0918 Zachary Plains,New Normahaven,West Virginia,92821,33.171597,11.7573885
Jordan Rogers,22,258 Reed Pike,North Jason,Rhode Island,87520,90.252725,-69.6065755
Jessica Black,79,283 Garcia Knolls Suite 364,Garyhaven,Washington,47822,36.28537,-47.6891705
John Dalton,32,349 Perkins Junctions,North Larryberg,New Hampshire,97761,-2.415737,11.191018
Tyler Wheeler,39,258 Charles Shoal,Alexanderfort,Idaho,71017,-154.964482,-38.7044335
Lindsey Oliver,35,9034 Jones Rapid Apt. 757,Delgadotown,South Carolina,94989,-119.379492,11.3481525
Stefanie Bowen,68,20593 Andrew Courts Apt. 815,South Calvin,Massachusetts,87456,-115.144151,-63.127327
Rebecca Maynard,30,09592 Carpenter Courts Apt. 837,North Sarah,Alaska,46739,102.950236,61.4910435
Matthew Marshall,75,39482 Robin Dale,Christianburgh,Connecticut,35445,-102.786462,-61.684056
Jennifer Ruiz,56,7906 Jones Knolls Apt. 320,East Samuel,New Mexico,77418,-67.571292,-12.6227935
Yolanda Hayden,21,72654 Christian Neck Apt. 453,Jonmouth,Michigan,95508,-105.499904,-8.8660735
Rachel Black,77,6764 York Mews,East Maryhaven,Wyoming,57566,25.40484,-6.8111995
Matthew Martin,61,43965 Vincent Highway,West Brian,Montana,68773,82.686394,-45.245065
Tiffany Jackson,67,758 Franco Turnpike Suite 587,Lake Samanthabury,Illinois,27138,154.306189,-66.3981785
April Gordon,45,7542 Tristan Harbor Apt. 633,East Karenfurt,Iowa,1724,132.093208,-24.0099155
Guy Clark,53,64113 Jessica Hill,Port Zachary,Alaska,50521,-147.806566,46.3544335
Stephen Butler,39,59915 Freeman Valley Apt. 578,Scottland,Wyoming,44917,-88.398197,-46.6117435
Kim Martin,48,742 Brown Run Apt. 037,Robertfort,Vermont,55513,-47.512896,-74.8612465
Alexander Thompson,35,73818 Roberson Place,Port Kara,Utah,18330,-156.238476,-80.1496315
Elizabeth Lamb,24,7823 Heather Ferry,Murphyview,Oregon,68279,106.377478,-5.086488
Jose Jones,29,394 Thomas Corner Apt. 391,Ricardochester,Connecticut,79550,117.800886,-40.8335715
Casey Silva,43,64766 Shah Square,Julieberg,Pennsylvania,42165,-144.97551,56.258704
Amanda Murray,55,45827 Brandi Village Suite 611,Traciside,Minnesota,11387,59.537579,-59.426229
Anna Gallegos,51,102 Ashley Overpass Suite 281,New Sharon,Missouri,4914,-103.337129,66.8434805
Rita Donaldson,21,97649 Mullins Road,East Stephaniemouth,Alabama,14612,-129.264469,-23.5108065
Daniel Bauer,42,33936 Jill Drive,Mariaport,Georgia,84747,-118.269279,75.6254535
Randy Davis,59,452 Tammy Valley,Christianshire,Oklahoma,43175,48.069227,-61.295542
Michelle Lopez,34,39640 Santana Valleys Apt. 399,Davidbury,South Carolina,53066,60.14662,-16.1051775
Nicole Hutchinson,54,75642 Casey Mount,Port Ryanmouth,Hawaii,48938,-117.332809,-7.140758
Richard Sims,48,8273 Taylor Isle Suite 249,Port Matthewborough,Virginia,27392,101.374288,0.3926255
Janet Sanchez,61,80263 Williams Cliff,South Johnhaven,Georgia,61515,33.993517,-17.4667605
Ashley Pearson,56,968 Hahn Trafficway Suite 190,New James,Iowa,64752,-160.925798,-81.6181885
Crystal Glover,38,3006 Lucero Turnpike Apt. 566,North Andrew,Arkansas,44580,-143.354682,-88.539214
Leonard Serrano,37,527 Derrick Inlet Apt. 615,Jessicastad,Minnesota,35847,-8.762835,7.9489195
Brandi Bush,33,39878 Jordan Fort,West Anthony,Connecticut,65309,-6.344002,85.23274
Evan Brown,61,2232 Olivia Plaza,Rodriguezhaven,New Mexico,36960,-70.762809,-52.537927
James Haas,32,8925 Lopez Route Suite 832,Romerochester,Mississippi,6188,111.586089,57.546869
Melissa Freeman,32,8155 Rachel Cape,South Trevorburgh,Arkansas,43091,-101.14343,28.3891325
Katherine Harris,56,739 Kristina Roads,West Hannah,Alabama,5666,70.970193,-20.6909625
Kimberly Moore,58,53088 Hebert Divide Suite 893,West Willie,Ohio,73241,-24.757743,12.2818165
Laura Barron,27,7973 Jacqueline Shore,Odomstad,Colorado,39088,-48.533656,84.3406245
Rebecca Duncan,70,7957 Laurie Avenue Apt. 972,South Misty,Massachusetts,21591,147.629817,-69.7239675
Bryan Bailey,23,49274 John Rest,Lake Marcusbury,North Carolina,22910,85.879752,-48.976743
Amanda Santana,76,44897 Shepherd Viaduct Suite 125,West Jasonport,Idaho,80814,123.667201,-11.85489
Michelle Johnson,35,4881 Long Ridges,South Stephenmouth,Vermont,30439,-49.985291,30.959275
Ashley Castaneda,74,927 Wood Plaza Apt. 072,South Barryland,West Virginia,39234,-62.641932,39.875072
Sarah Taylor,72,42292 Carr Falls Suite 757,Cynthiaview,Michigan,19304,74.872738,35.8991355
Robert Robinson,25,410 Pamela Green,Crawfordhaven,Wisconsin,4517,-148.816178,-64.4062885
Brian Roberson,27,02130 Beth Track,East Rebecca,Nevada,22889,-127.653147,-41.0106355
Travis Lopez,29,00794 Santos Orchard,Sarahtown,Arkansas,32568,105.565419,-1.957129
Amy Rose,51,4217 Maddox Burg Apt. 658,Harrytown,North Dakota,5001,9.627885,55.572763
Angela Ray,69,181 Wright Curve Apt. 984,Lake Nicoleview,Maine,47640,-31.965912,-82.367927
Jenna Valdez,69,2470 Gilbert Shore Suite 636,Hortonfurt,Louisiana,19284,-161.994695,-77.86468
Jacob Hernandez MD,20,6991 Holly Cape,Lake Clayton,Michigan,25746,77.207446,-48.0319905
Alicia Figueroa,42,583 Lisa Burg,Holmesfurt,Pennsylvania,18054,-64.605552,59.667463
Jonathan Villa,75,307 Ferguson Locks,Johnsontown,Colorado,26121,-168.408985,-49.2293
Mark Morales,44,31996 Avila Junction,North Dawn,Pennsylvania,78104,-88.288728,30.7440065
Dylan Thomas,30,48310 Parrish Throughway Apt. 013,West Paula,Texas,38110,169.761658,80.7723095
Sherry Hernandez,77,0767 Arthur Harbors,Wendychester,Connecticut,99932,136.315078,55.7378205
Christopher Cooper,47,44719 Barbara Parks,Gallowayville,Wyoming,73224,-112.544906,46.118905
Scott Oliver,44,712 Villa Lodge Apt. 226,Julieton,Pennsylvania,2186,-15.791204,58.1713745
Matthew Webb,74,13215 Thomas Camp Suite 523,Dianebury,Vermont,63585,108.094715,6.3985275
Eddie Walker,58,208 Andrew Brooks,Port Natalie,North Dakota,24420,156.110156,66.449754
Tammy Marquez,58,3528 Jamie Shores Suite 045,Omarberg,South Dakota,73205,-113.00658,-22.881006
Sarah Huerta,52,669 Michelle Harbors,West Megan,Michigan,81048,45.754294,-66.773426
Richard Marsh,37,41382 Bernard Court,Thomasview,Florida,47188,98.092087,-7.4010965
Brett Craig,57,06687 Powers Summit Apt. 728,Johntown,Indiana,58506,-173.320353,-88.7849135
Richard Ferguson,47,72716 Woodward Vista,Jenkinsshire,West Virginia,17310,-11.205224,-53.295309
Ryan Kramer,76,5212 Ware Row Suite 720,Lake Adam,New Jersey,84409,-0.993083,82.4520535
Jessica Lopez,41,976 Nicholas Mountains,West Shawn,Iowa,12085,102.522043,18.49313
Kevin Smith,60,278 Deborah Trail Suite 938,Floresberg,Ohio,98615,57.609205,42.7794545
Christopher Wolfe,64,279 Jordan Extension,Lake Roseville,Nevada,57966,-91.085261,-33.3112315
Darius Roberts,31,8749 Smith Flats Apt. 016,Port Tarafurt,Hawaii,9383,69.412797,35.946567
Paul Henderson,53,68733 Elizabeth Light Apt. 086,Newtonshire,South Carolina,69695,91.340999,-7.5548675
David Quinn,47,0475 Munoz Tunnel,Amberview,Pennsylvania,83096,-151.807823,41.6116775
Richard Dean,61,1135 Walker Turnpike Apt. 707,Munozville,Hawaii,10538,66.004159,-34.558377
Phillip Henry,56,063 Lopez Vista,South Todd,West Virginia,45495,43.881855,-67.0175135
Shelby Hill,35,189 James Crossing Apt. 075,New Cathy,Texas,53612,-48.64507,16.8379225
Cody Mitchell,50,35886 Stafford Island,New Eric,Arizona,4872,46.652357,59.4640695
Ryan Green,72,20124 Beth Ridges Apt. 331,West James,Nevada,3533,-150.207422,34.291315
Seth Little,57,3588 Janice Tunnel Suite 719,South Kristinberg,Utah,73329,-171.858507,-58.992446
Heather Garcia,51,9534 Griffin Circles,Valeriemouth,Pennsylvania,47432,140.685775,-14.0400505
Mark Duran,49,167 Grant Station,Sandratown,North Carolina,23486,-88.237417,-67.821092
Andrew Ortiz,69,15168 Wolf Orchard,Kevinchester,Alabama,63331,-79.846466,-20.6468805
Amanda Sherman,34,254 Terri Flats,Lake Terristad,North Dakota,87263,-99.550655,-35.7057435
Jonathan Larsen,41,488 Gary Mill Apt. 015,Annmouth,Nevada,81811,-97.097208,47.005548
Bryan Barker,36,140 Heather Ville Apt. 668,New Danton,Georgia,63323,-96.145501,-19.385415
Robert Ferguson,35,357 Shane Course Apt. 042,New Patriciaport,Wisconsin,48475,48.20809,-15.2985535
Mr. Joshua Scott,64,05939 Mejia Creek Apt. 874,New Tracy,Rhode Island,30401,-51.212218,-35.862072
Leah Hall,52,915 Gabriel Cliff Apt. 431,Torresfort,Kentucky,36378,-90.471436,38.6155995
James Thomas,55,484 Wiley Burgs Apt. 953,South Donald,New Jersey,50853,-143.186875,88.7943275
Breanna Walsh,44,527 Kenneth Island Suite 492,Thomasshire,North Dakota,5375,136.729843,12.072666
Henry Conrad,32,183 Kirby Inlet Apt. 571,Donaldberg,Utah,37502,-79.975496,27.749159
Jessica Pham,48,1943 Gerald Plain,Port Christine,Kentucky,98615,-43.899345,-19.1828165
Jamie Butler,18,904 Walker Burg Suite 984,Sotomouth,New Jersey,60825,50.833444,45.535681
Laura Myers,37,414 Yang Square Apt. 877,Amyton,Pennsylvania,34823,91.657298,17.8470385
Charles Malone,47,2210 Davis Wall Apt. 320,Moorestad,West Virginia,91686,117.188592,22.008545
Dr. Eric Carney,46,434 Craig Way Suite 455,Port Vincenthaven,Washington,91270,66.026888,19.15651
Thomas Hartman,61,9531 Shelley Green Apt. 447,Jaimeport,Maryland,77498,-175.604848,17.2465265
Maria Phillips,41,979 Frazier Fork Apt. 511,South Jordanbury,Virginia,21444,-160.602426,88.0228625
David Allen,64,1283 Beasley Track,Rickyville,West Virginia,75432,-136.711346,-51.0007245
Nicole Moreno,65,83609 Austin Club,North Barbara,Michigan,68699,137.167142,9.5484845
Denise Moore,47,7752 Andrew Brook,East Jasonville,Delaware,27350,37.566778,27.728912
Tammy Smith,73,5326 Hensley Highway,Hebertburgh,Oklahoma,26230,-123.7098,69.9154295
Carolyn Norris,30,280 Ethan Track Apt. 002,South Brittney,Arkansas,78102,-35.104989,40.4978995
Susan Hughes,50,7294 Travis Causeway,Christopherberg,Missouri,66818,-81.278351,-75.357094
Lynn Curtis,28,0089 Larry Island Apt. 483,Olsonborough,New Jersey,13221,-172.628628,-42.3880435
Terry Cruz,68,0232 Brian Motorway,Michellebury,Louisiana,47066,43.028745,51.3789245
Elizabeth Stephens,57,23683 Evans Corner Suite 820,Lake Abigail,Virginia,595,-168.972879,64.533525
Tina Long,47,89723 Laura Grove,New Loriland,Wyoming,9589,12.680622,-65.0875715
Jonathan Robinson,40,2727 Wagner Isle Apt. 961,Port Donaldshire,Montana,712,108.705891,5.4043325
Jill Lane,21,67253 Downs Camp Apt. 127,Scottfurt,Nevada,21903,-53.612515,-59.3160015
Clifford Lee DVM,26,0720 Lopez Station Apt. 496,Lake Jeremiahshire,California,72727,-20.367317,-84.020841
Candace Wilson,20,389 Young Springs,Michaelfurt,New York,46676,175.729807,-84.548067
Marilyn Diaz,70,3307 Sharon Common,Lake Williamhaven,Wisconsin,26492,80.185437,-38.729046
Elizabeth Taylor,58,39672 Shah Glen Suite 408,Micheleport,West Virginia,17969,160.915912,-68.2143445
Dr. April Miller,75,51607 Kevin Estate,Clarkside,Georgia,20943,-117.085632,33.0293645
Pamela Wells,79,498 Harris Square Suite 358,Lake Matthewland,Maryland,9525,113.142156,63.5225955
Joshua Dominguez,43,77016 Frazier Ways Apt. 963,East Jose,Delaware,15659,-96.767423,78.13012
Elizabeth Hall,80,2127 Kathleen Burg Suite 323,Kellymouth,Florida,3390,-108.131399,-38.1397535
Bruce Ryan,31,5871 Debra Fall,North Jennifer,New York,42414,-110.981411,-82.8758555
Yvette Lee,75,67249 Kirsten Well,Rothside,Maine,1843,3.912044,-60.2417505
Ronald Gonzalez,33,53053 John Bridge,Richardfort,Delaware,91027,-23.097475,59.7942195
Courtney Richard,70,5471 Nicolas Brook,Danielfurt,Utah,88887,-67.361645,21.0110415
Joshua Ryan,37,0390 Allen Avenue Apt. 288,Jacquelineshire,California,19673,62.847978,75.7378925
Amy Reid,50,0789 Carlson Pine Apt. 675,Port Jasminebury,Wyoming,38253,-71.957554,-49.0684255
Elizabeth Gonzalez,46,23128 Jones Mountains Suite 148,Michaelland,California,57122,61.785388,65.942595
Zachary Wilkins,75,9665 Selena Union,Lake Shellybury,Michigan,37347,-4.832303,-19.9313025
Debra Stark,39,426 Brown Parkways Apt. 201,Lake Jenniferbury,Kansas,21740,-84.277986,63.248102
Ashley Walker,62,2465 Allen Canyon Suite 676,Lake Reginafurt,Vermont,98212,-34.530347,73.0810925
Mrs. Lisa Barron,62,882 Anderson Plaza Suite 718,Callahanfort,Kansas,41360,132.744653,29.6950385
Kenneth Williams,41,4303 David Common Suite 992,West Brianland,Idaho,20696,58.529072,-13.2884345
Paige Serrano,38,98532 Taylor River,Munozburgh,Idaho,21307,159.267359,60.1077945
Douglas Yang,32,1230 Victor Coves,Port Erikchester,Virginia,646,130.992517,47.3481115
Edward Howell,52,546 Gregory Estate Suite 901,North Kaitlyn,Michigan,53060,25.019276,62.00636
Jerry Cooley,35,164 Byrd Inlet Suite 655,North Lauren,California,82818,-170.066093,34.2839145
Brooke Lin,51,456 Lester Cape Apt. 219,Jeffreyfort,Missouri,48688,68.73135,42.4428095
Christopher Proctor,38,85983 Bautista Plain Apt. 946,Morenoton,Florida,53253,-108.21156,81.171439
Justin Rodriguez,69,15082 Deborah Harbor Suite 698,Kellybury,Virginia,46157,18.111902,-63.591365
Christopher Clark,32,57635 Guerra Garden,Ryanstad,Iowa,43375,5.058069,79.122759
Jonathan Meadows,69,8844 Reyes Island,Coreyside,Ohio,73035,120.351149,-74.936225
Jonathon Washington,38,28139 Raymond Fields Suite 968,Parkerberg,New Mexico,6786,-10.352751,37.0099345
Dr. John Gibson,25,87830 Marks Station Apt. 491,Terrelltown,Montana,26824,-99.826866,-19.088303
Michael Townsend,53,63976 Cooper Springs,Cameronport,Georgia,44499,75.123265,-48.3098545
Alexandra Mcbride,32,039 Pearson Mall Suite 515,Murphyland,South Carolina,10256,-79.421506,34.1522325
Robert Stephens,49,3189 Robinson Isle Suite 552,Port Caitlinside,Wisconsin,67758,-169.160286,40.1165685
Joseph Wright,38,461 Philip Plains,New Marytown,Iowa,40644,116.685034,67.988545
Monica Flores,18,0612 William Squares,Parsonschester,Alabama,84270,17.90274,-88.698401
Marcus Galloway,60,4680 Garcia Inlet Apt. 985,Elizabethchester,Nevada,37262,141.065928,-75.085831
Kathryn Green,33,8572 Aaron Wells,Graymouth,Connecticut,1846,-17.087424,-61.215104
Lindsay Choi,55,01820 Jason Mountain Apt. 053,East Nicholeborough,Montana,40573,-158.809499,31.02624
Kelsey Ballard,19,7760 Moreno Fork Apt. 603,Lake Donald,Idaho,26364,-98.82743,-9.403238
Sean Arnold,47,78061 Miller Pine,Perezside,Mississippi,36974,-166.932388,-48.1249465
Brian Gray,67,40884 Stephen Run,North Jessechester,Michigan,94001,122.996025,65.180007
Douglas Wade,49,6315 Rose Groves,New Zachary,Michigan,96064,64.737604,-32.5523525
Kyle Johnson,61,3217 Morgan Ridge,Cynthiaside,Georgia,76208,-87.084027,44.7626915
Travis Gonzalez,18,83854 Lisa Fort Suite 684,South Charles,Louisiana,65380,7.623758,65.2120765
Maria Stephens,59,0060 Gonzalez Meadow,Matthewberg,Connecticut,45810,-81.429431,-2.0157235
Sean Odonnell,36,1189 Michael Ramp Apt. 642,Lake Victoria,South Carolina,12942,164.46484,4.744897
Drew Velazquez,62,9153 Bell Parks,Jonesland,New Mexico,36372,139.563681,-44.9634405
Melinda Wheeler,34,4540 Dawn Mountains,East Maryshire,Maryland,63291,-171.659047,-75.9354475
Tammy Gutierrez,78,20691 Joshua Unions,Lozanochester,Wyoming,56127,133.876488,65.679465
Dr. Jeffrey Sharp,34,662 Kimberly Oval Suite 180,West Matthew,Missouri,16032,151.736203,-28.501731
Deborah Cook,27,37953 Hernandez Shoals Suite 493,Welchmouth,Alabama,4473,113.330123,40.7702655
Michael Stewart,48,1314 Amber Crossroad Suite 196,Port Jamie,Texas,96571,-13.47277,-54.010163
Tonya Gutierrez,54,521 Lawson Forges Suite 130,New Christinefort,South Dakota,13466,-41.528187,-61.2761605
Samantha Allen,78,97669 Jason Mills Suite 323,East Andrewberg,New Jersey,71393,-25.500335,-74.7027335
Christopher May,60,638 Anthony Pike Suite 429,East Davidshire,Arkansas,13672,-101.774565,67.965766
Darrell Elliott,41,023 Ward Harbor,Port Mary,Oklahoma,81676,-167.867556,-55.600317
Justin Johnson,20,13733 Smith Plains Suite 396,West Scottville,Montana,84701,-147.527496,-16.832745
Monica Barry,21,07593 Kelsey Lights Apt. 905,Nathanielstad,Mississippi,9554,96.029527,25.407403
Elizabeth Baker,77,680 Mueller Streets,East Nathanielville,Missouri,75166,41.133482,-46.896949
Rodney Valencia,66,26067 Anthony Junctions Apt. 210,West Andrewhaven,New Mexico,53021,-64.690208,-2.7336845
Timothy Brewer,60,4427 Scott Roads Suite 583,South Daniel,Minnesota,10068,-13.132471,-84.690229
Lauren Olson,40,1379 Robinson Spurs Suite 167,New Tammy,Maine,42699,-170.815481,-78.1266995
Jeffery Cortez,42,5922 Nunez Fort Apt. 689,Port Christophertown,Oklahoma,22717,-163.698217,4.0838075
Stacey Thompson,77,05402 Jacob Junction Apt. 104,Klineside,Oregon,44771,-130.309862,-73.1449135
Donna Rodriguez,41,5219 Howard Unions Apt. 159,Thomasmouth,Idaho,41511,-150.965018,18.3991875
Brandi Brown,47,86734 Larsen Creek,Bryanshire,Utah,47037,-46.006127,39.531578
Lisa Hernandez,46,084 Bailey Mountain,North Lindsey,South Carolina,37258,-169.443878,-42.936782
Scott Fuentes,53,4669 Samantha Isle Suite 492,Dominguezview,Michigan,991,115.003414,-78.930604
James Brown,51,6854 Brian Spurs,South Annette,North Carolina,93965,164.21326,64.8934485
Heather Page,49,064 Jackson Green Suite 319,Brentbury,Michigan,70442,176.019401,50.199571
Adam Sandoval,76,41751 Farmer Mills,West Jessica,Texas,85681,67.954218,24.528
Molly York,30,77191 Levi Burgs,Port Michellebury,Maryland,80083,41.797339,15.803489
Joel Scott,44,909 Bell Knoll,North Tracy,Nebraska,7572,-50.068164,-8.8612715
Leslie York,20,9198 Erin Trafficway,Jamestown,New Jersey,67913,-108.454941,73.828389
James Duncan,33,5203 Tyler Extensions,Lake Bryanstad,Rhode Island,13915,150.918594,6.1066835
Kristin Beltran,42,37812 Megan Overpass,Stephaniemouth,California,40654,-130.84588,-56.043486
Joshua Hoffman,33,1853 Briana Underpass Apt. 903,Smithtown,Nevada,45936,33.838157,62.8502095
Timothy Taylor,64,16893 Evelyn Isle Suite 074,North Taylorshire,Ohio,38313,64.770853,-86.3614175
Natasha Collins,34,002 Cortez Lakes,Donaldbury,Wyoming,73046,-12.902706,-4.858305
William Smith,38,860 Christina Square Apt. 798,Ellismouth,Ohio,23421,148.630316,-77.824252
Jay Morrison,80,2405 Dominguez Pike Apt. 215,Englishport,Delaware,35709,-14.62584,46.904524
Jeffrey Evans,25,3499 Dennis Fields,Brianburgh,West Virginia,59010,-84.495154,-89.822174
Johnathan Luna,19,296 Deanna Hollow Suite 134,Vincentchester,West Virginia,92230,-36.582861,55.0204655
Anthony Lester,36,7594 Richard Estates Apt. 009,Transtad,North Dakota,55712,161.874287,-23.70012
Joel Wade,46,4814 Castillo Spring Suite 283,East Matthew,Connecticut,4025,-124.13579,-81.2612015
Melvin Molina,76,52207 Boone Mill Apt. 186,Christophershire,Indiana,59661,179.666663,-30.7705475
Amanda Harmon,30,771 Craig Creek,Vanessaberg,Arkansas,52369,-157.780403,9.2955015
Devon York,51,166 Logan Curve,Wilsonbury,Nevada,70898,162.432963,38.0016005
David Baker,36,8341 Andrea Alley Suite 488,Thomastown,Montana,25619,-90.82566,73.3841235
Christopher Montgomery,46,061 Victoria Mission,Jonesfurt,Tennessee,81688,-89.133848,-18.457733
John Bartlett,24,523 Hernandez Well,South Gregshire,South Dakota,25803,170.928911,50.5963515
Katherine Gonzalez,59,22393 Merritt Path Suite 278,Moralesborough,Utah,88341,10.960171,-78.9706755
Amanda Smith,44,9746 Thomas Springs,Turnerland,Oklahoma,30348,86.212433,-79.3852175
Kelly Thomas,18,76114 Dana Manor,Josephfort,New Hampshire,36509,-5.544707,-78.552817
Brittany Williams,20,008 Jones Stream,Romeroport,South Dakota,47687,175.337575,-22.342623
Kimberly Nelson,39,859 Hernandez Motorway,Kathrynport,Texas,47904,-37.888966,30.63539
Jeremiah Wallace,23,092 White Hills Suite 245,East Loganville,Virginia,37185,24.623215,-26.473553
Frances Delacruz,22,41321 Peters Loop Suite 879,North Eric,Arizona,34899,-43.635916,59.2598425
Denise Arnold,78,306 Stephen Mountain,Lake Laceyville,Alabama,57470,-28.380879,-28.6024615
Terri Everett,23,48902 Ashley Mission,New Donaldchester,West Virginia,87240,-76.328451,-89.7297905
Corey Hanna,66,23954 Jeremy Neck,South Teresastad,Idaho,44972,-118.153878,-31.435637
Susan Young,47,15039 Suarez Mountain Suite 961,Hernandezshire,Indiana,14784,-31.299327,49.4442265
Natalie Mcfarland,41,976 Anderson Brook,Amyview,Tennessee,31697,-130.758315,83.3980935
Rebecca Kim,42,5778 Richard Cliff Apt. 160,South Carlos,Virginia,62079,-1.501894,-48.957138
Mary Ferguson,45,5060 Jennifer Islands Suite 427,South Pedroside,Ohio,88867,168.50915,-51.5671945
Shannon Palmer,76,913 Brandi Extension,Justinland,Arizona,68512,-137.92541,67.1000775
Crystal Dyer,24,7598 Bishop Ferry,New Danielfort,Nebraska,14868,49.518166,29.1546595
Cassandra Osborne,36,31964 Bryan Lock Suite 527,Berrychester,Massachusetts,46948,9.458803,6.2179425
Luis Carter,57,05468 Roberts Islands,East Victoria,Indiana,22831,-152.49328,-47.567238
Keith Scott,52,2143 Christopher Streets Suite 052,Lake Williammouth,Alaska,71547,-34.838607,-13.485404
Natalie Morris PhD,39,9159 Paul Cape Suite 264,Floreston,Wisconsin,30198,-173.987034,-54.980215
Stephen Brown,67,97535 Kara Shoal Suite 810,South Edward,Nevada,63504,18.843165,78.9026445
Robert Patrick,19,334 Kristen Rest,New Jennifer,Wyoming,35333,-57.36848,-11.5629885
Pamela Melton,44,922 Tanner Plaza,South Michelle,Florida,33300,-105.48155,51.7468585
Kimberly Rivera,18,62820 Edwards Flats,Crystalville,Georgia,77911,-33.685101,86.5848615
Douglas Stephenson,52,5612 Madison Spur,Zamorafurt,Missouri,77978,-38.150715,-63.9183465
Andrea Hopkins,53,005 Snyder Junctions Apt. 521,East Elizabethmouth,Virginia,66993,-157.21714,33.9517705
Cristina Gutierrez,57,370 Jamie Fort Apt. 361,Port Meagan,Missouri,94291,-92.13629,4.2553615
Andrew Gonzalez,57,409 Nicholas Groves,Alvarezville,South Dakota,16714,34.914916,77.100417
Michael Rice,51,975 Michael Station Suite 660,South Ronaldberg,Michigan,88356,68.399801,23.354843
Ann Barber,22,79042 Cox Brooks Suite 323,Port Kaylamouth,New York,34813,93.72357,55.749913
Douglas Terrell,26,6792 Hernandez Shores Suite 871,Powellmouth,Washington,13656,5.929928,-47.1749935
Lisa Mccarthy,26,9442 Brian Corners,South Julie,Utah,64992,38.23988,55.9204175
Charles Lopez,22,16488 Stephanie Skyway Suite 767,Williamston,Delaware,78954,26.66354,35.527977
Michael Barrera,33,7376 Melissa Tunnel,East Juan,Utah,24899,21.167833,59.9738145
Jennifer Hayes,79,89074 Hill Camp,Michaelhaven,Oklahoma,72682,-179.244534,15.9300115
Jessica Thornton,27,77982 Fisher Parkways,Reeseburgh,Kentucky,57426,100.566808,14.6698905
Lisa Phillips,21,715 Hodge Lodge,Stephensland,Indiana,95955,88.089716,74.8097945
Brian Moore DVM,19,45875 Sherman Walk,North Courtneyborough,Colorado,54390,-133.395398,-58.0916775
David Morgan,61,47024 Sims Drive,Christinatown,Maine,73334,-55.816762,-32.426331
Mark Lee,29,746 Gentry Cliffs Apt. 374,East Kyle,New Mexico,19836,-88.977443,-65.0931885
Jeanne Stephens,54,1433 Johnson Points Suite 213,South Markside,Washington,25989,-148.720495,-44.147961
David Johnson,55,8524 Janet Coves Suite 399,Lunachester,Delaware,62011,-100.799685,26.915385
Brittany Watson,18,673 Jill Ramp Apt. 551,South Penny,Kentucky,46735,64.882444,-75.381863
Kevin Martin,54,82823 Diane Summit Suite 303,Hannahville,Illinois,24171,-82.52137,80.928181
Alison Rivers,28,50654 Jones Greens,East Michellefurt,Pennsylvania,1127,-157.743958,-28.7238915
Anita Riley,59,82364 Torres Inlet,Oliverside,Kentucky,909,-98.727372,-47.431155
Katherine Harris,54,39663 Debbie Crossing,Hendersonborough,Oregon,54279,114.990962,34.282758
Brian Baldwin,33,221 Duarte Summit Apt. 035,Johnsontown,Idaho,91544,-96.575694,87.2891255
Eric Curry,69,49440 Isaac Court,Amberton,Massachusetts,8804,169.471653,19.898732
Craig Jackson,31,118 Lindsay Hills,Port Michelleville,New York,6129,97.221878,-29.0140235
Michael Flores,55,92371 Brewer Port Apt. 085,Kristyfurt,North Dakota,15858,42.58248,-6.5608715
Michael Lee,61,074 Adriana Mountains Apt. 520,Whitneyside,Washington,58530,149.795561,-51.6119935
Adam Taylor,64,760 Greg Well Suite 758,Torresberg,Utah,69211,107.484339,-81.85205
Jennifer Mcclure,52,31927 Long Camp Apt. 675,Port Lauraton,Minnesota,78334,70.802142,15.1770345
Megan Ray,68,6334 Martha Stravenue Suite 308,South Kayla,Virginia,32882,-71.434961,-18.508258
Michael Rodriguez,20,549 Gibbs Course Apt. 555,South Alyssa,Maine,67838,148.609275,-70.657522
Michael Lucas DVM,50,042 Deborah Haven Suite 216,Johnsonchester,South Dakota,41871,8.455754,59.2370775
Dr. Connie Lowe MD,28,32861 Davis Radial Suite 460,Port Jonathanville,Arkansas,60722,-165.912924,-43.046851
Andrew Haley,20,416 Kenneth Curve,Stewarthaven,Ohio,48832,-152.218187,-69.3260925
Jessica Jackson,62,848 Taylor Villages Apt. 841,West Nathanhaven,Louisiana,34983,172.292651,85.675246
Mr. Jeffrey Ross IV,71,317 Shelley Villages,Port Johnside,Nevada,66293,-97.068784,-70.375338
Elizabeth Yu,62,78817 Kevin Circle Apt. 192,North Angela,Vermont,44091,-121.766668,-30.644217
James Mack,73,23568 Walker Keys Suite 650,West Richardberg,Tennessee,71919,-58.007931,-24.149202
Timothy Lambert,70,2314 Christopher Ports Suite 574,West Jessica,Oklahoma,9832,114.08867,1.744599
Jonathan Richards,31,8516 Heather Freeway Apt. 828,Lake Danielhaven,Colorado,20334,-111.822485,-30.877606
Preston Williams,60,71372 Hebert Wells,Mckinneyfurt,North Carolina,40503,179.206547,76.1909985
Donald Fisher,29,09369 Richard Roads,Daviesburgh,Michigan,96496,86.070937,28.74931
Jennifer Carter,27,2637 Campbell Island,Greerside,North Carolina,22522,33.532989,22.7404935
Shawna Manning,18,82054 Adriana Mount Suite 934,West Lisa,Kansas,38157,-50.762375,80.228018
Ashley Bass,72,865 Kristin Walks Apt. 449,North Alexandra,Nevada,65910,-93.146367,24.8860995
Ashley Campbell,25,203 Sara Streets,Sanchezborough,Delaware,72810,126.476309,-27.3342225
Mr. James Hodges,75,7887 Ellis Crossing Apt. 159,Emilychester,Idaho,3217,-147.544004,-38.8248515
Rachel Smith,48,542 Michael Hills,Johnstonport,Montana,53892,-75.639184,-81.4140485
Jose Allen,69,27183 Shaw Valleys,Ellisview,Idaho,9841,-21.102325,81.93792
George King,48,5945 Dawn Throughway Apt. 965,New Gloria,New York,72059,-13.934613,9.3639725
John Clark,44,1461 Michael Rue Suite 645,Williamfurt,Connecticut,58771,112.912078,-46.0531135
Teresa Russell,51,111 Gary Islands,Ashleyfort,Mississippi,39178,98.140271,43.2958545
Isabel Campbell,74,7873 Robert Extensions,New William,North Carolina,11077,-119.008005,-79.6952065
Margaret Arnold,75,034 Veronica Port,Lake Christinefort,South Carolina,98292,-168.774214,-16.969701
Megan Hernandez,80,344 Cooley Highway Apt. 640,New Danielle,Minnesota,77158,74.930448,12.6928325
Megan White,18,9175 Mccormick Village,Brookschester,Utah,34236,89.598187,88.721236
Victoria West,46,8838 Harris Points,Joneshaven,Kentucky,16382,-65.264765,-82.136609
Heather White,19,786 May Crescent Apt. 890,Michaelmouth,Indiana,42614,-179.159058,-73.9939
Virginia Watson,61,82064 Lisa Stream Suite 199,North Anne,Tennessee,69177,-8.747485,30.5042765
David Donovan,25,81241 Wolf Street Apt. 192,North Justin,Rhode Island,83775,-36.313555,-11.564767
Shari Brown,35,189 Trevor Neck Suite 937,Sherryport,Rhode Island,26525,84.576989,-21.867639
Terry Kim,77,3479 Davidson Path Apt. 425,Fischershire,Georgia,61024,159.670704,-37.5364555
Jennifer Campbell,20,2531 Ferguson Extension Suite 458,Port Kimberly,Massachusetts,11532,125.060228,53.864555
Wendy Castillo,41,5808 Steven Pine,Victoriamouth,Minnesota,6863,-174.823152,48.425261
Rebecca Evans,42,06613 Melissa Divide,Freemanland,Indiana,95705,168.496974,-80.950067
Lisa Lee,75,8629 Martin Tunnel,East Jacqueline,Pennsylvania,76505,-33.221933,-41.545336
Michael Johnson,23,680 Hardy Path Apt. 624,Hoodton,New Jersey,29072,132.971058,5.029729
Larry Smith,51,43191 Johnson Lock Suite 600,South Christopherton,Georgia,39857,138.593102,-50.2490485
Tammy Adkins,22,322 Moreno Centers Apt. 322,North Andrew,California,39219,91.419394,40.1493195
Ashley Turner,57,036 Byrd Squares Apt. 538,North Danielborough,South Carolina,52342,-107.239684,6.7723855
Geoffrey Mendoza,41,94996 Brett Tunnel Suite 365,South Phillip,Massachusetts,91836,102.952833,-33.2570895
Willie Wall,56,69847 Dennis Tunnel Suite 144,Port Sarah,Mississippi,93957,-123.007066,79.8175155
Mary Johnson,34,199 Jones Track Suite 645,Bernardbury,Iowa,49826,-22.907573,7.864336
Patricia Hopkins,62,6617 Kristin Isle,Harrisside,New Mexico,20179,-3.283815,76.2778755
Cynthia Martin,73,367 Emily Gardens,Stephenborough,North Dakota,65529,58.969569,-42.3973585
Susan Robles,72,693 Gregory Trafficway,Ronaldberg,Montana,60137,-164.836907,9.127265
Jeremy Huerta,29,8419 Maxwell Estate Suite 390,South Jessicabury,North Carolina,40600,30.232723,40.610664
Fred Holmes,80,77181 Vickie Walks Suite 715,Rodriguezbury,Florida,19941,-21.034968,9.178312
Tricia Hale,40,0322 Debra Tunnel,West Jessicabury,South Dakota,63035,-31.231829,36.278975
Rebecca Jackson,29,05507 Nicholas Estate Apt. 285,North Lori,Kansas,14890,147.868852,-24.9161055
Brad Nolan,46,9673 Douglas Gardens,South Luis,Vermont,633,-124.877342,-34.778231
Joshua Barr,33,437 Mercedes Forest,Elliottshire,Michigan,33678,-54.381902,-71.9750565
Kenneth Hamilton,45,78183 Sara Views Suite 868,East Susanberg,Ohio,89584,-65.234612,-37.118856
Vincent Wagner,49,540 Pruitt Extensions Suite 530,Garciaberg,Indiana,97079,48.470291,26.215093
Teresa Jones,40,6499 Ryan Common,East Toddberg,Michigan,86604,120.574362,-78.965336
Amanda Castaneda,28,224 Timothy Station,North Suzanne,Missouri,56026,-22.463466,17.3239075
Michael Garcia,76,604 Cannon Greens Apt. 317,Jamieburgh,Ohio,69690,71.291336,-68.780436
Angela Haynes,40,9316 Mariah Land Apt. 178,Port Cynthia,Minnesota,24391,-49.051007,-7.060453
Julie Long,30,555 Le Spring Suite 667,Hendrixville,South Dakota,79652,33.301548,-89.824787
Stephanie Mendoza,19,503 Buchanan Shoal,Paulstad,Delaware,92364,143.299521,12.6437935
Billy Garcia,26,22127 David Lodge,South Crystalberg,Washington,57109,-100.190026,12.576975
Zachary Eaton,72,36218 Daniel Keys,Port Christinaburgh,Michigan,38986,-55.358067,-27.2395775
Sierra Jarvis,58,416 Armstrong Squares Apt. 953,North Stephenshire,Washington,69230,-161.150402,-40.856412
Tyler Greer,77,56898 Murphy Causeway Suite 313,Angelamouth,Tennessee,93699,130.748665,10.522593
Wendy Allen,69,4919 Brian Mountain,Tiffanychester,Maine,68901,91.543624,86.6348465
Megan Stone,52,557 Lauren Radial Suite 614,Port Davidbury,South Carolina,33086,-31.672603,-86.4598015
Maria Morris,36,226 Cox Centers,South Joshuaton,New York,40344,-20.521168,-86.760331
Dr. Angela Burns DDS,18,10610 Rachel Via Apt. 972,Adambury,Vermont,68393,-6.601783,-84.874037
Matthew Myers,62,4560 Ashley Estate Suite 894,Lake Martha,Connecticut,92706,-86.898737,57.425112
Amy Villegas,72,32171 Madison Mountain Suite 523,Kimberlyfurt,Rhode Island,37529,42.378424,1.5205845
Sarah Jackson,51,43762 Alex Well Apt. 786,New Mike,West Virginia,28776,27.007097,12.87283
Kimberly Brown,79,30868 Robert Roads Suite 522,Bushville,Texas,48796,-99.401486,68.7985555
Austin Pace,41,354 David Parks,Lake David,Connecticut,86034,86.984782,-24.619783
Lisa Barnett,80,592 Lauren Row,Lake Ashley,Nebraska,37465,164.167314,48.767139
Jesse Frey,23,403 Davis View,Clintonhaven,Oklahoma,30366,84.303067,-57.1971565
Patricia Le,73,5655 Reid Forest,East Melissashire,Washington,73370,36.689621,-45.1670375
Nicholas Dawson,54,10794 Bush Unions,West Peter,South Dakota,68233,113.13132,-4.5210705
Susan Carter,21,5506 Austin Avenue Suite 687,Lauramouth,New Mexico,46818,-89.749525,36.9371685
Tina Lester,53,5979 Arnold Skyway Apt. 259,West Huntermouth,South Carolina,40997,-12.906015,66.7894335
Tracey Reed,69,8298 Jackie Underpass,Lake Mirandaton,Nevada,87063,-21.015542,-65.054246
Katherine Powell,24,7818 Aguilar Extension,Evansland,Alabama,70855,-51.145531,-22.700233
Joel Miller,45,826 Brandon Radial Suite 418,Johnmouth,Hawaii,11724,2.306191,-20.242371
Bobby Gardner,42,77833 Kevin Bypass,Claireville,Florida,50819,126.458037,8.872856
Kelly Castaneda,51,5818 Jessica Mount Suite 952,East Jessica,Ohio,71621,51.011597,73.2455795
Shawn Jenkins,45,5059 Heather Ports,South Courtneyville,Wisconsin,32475,-44.142236,-46.4723485
Nathan Miles,19,849 Hogan Pines,East Jeremy,Oklahoma,13466,27.776514,-36.8738985
Seth Peterson,71,50607 Long Meadows Apt. 883,West John,Nebraska,29227,66.115596,-47.889447
Carol Scott,23,24628 Diana Trafficway,East Todd,Delaware,19549,145.246085,-82.210565
Matthew Vazquez,47,2603 Elizabeth Inlet Suite 944,East Jacqueline,Colorado,35317,69.316936,57.227182
David Mcdowell II,63,2981 Teresa Drive,Sotochester,Oklahoma,26810,-177.142584,-31.4530725
Aaron Owens,62,800 Warner Ford,Shannonview,Oregon,12689,-132.010791,41.1620905
Adam Webb,73,87456 George Highway Suite 125,North Peter,South Dakota,6300,15.007089,-16.0551875
Susan Kelly,45,78145 Marshall Lane Suite 542,Jonathantown,Nevada,41852,-100.359305,38.7526135
Michael Bolton,39,311 Mitchell Expressway,East Toddstad,Indiana,92103,-140.462166,-52.902732
Jamie Brown,39,8897 Joshua Terrace,Paulaton,Kansas,78580,80.593574,-51.815709
Jamie Torres,70,3898 Richard Ville,West Matthew,South Carolina,67175,102.344041,36.809069
Zachary Mack,67,6451 Cassandra Plains,Gomezfort,Georgia,32762,95.067201,34.127573
Courtney Becker,74,39910 Thomas Mall Apt. 325,West Justin,Arizona,81757,-145.881642,-73.8138015
Dylan Soto,27,966 Angela Via Apt. 985,North Andrea,Ohio,91045,-19.070358,-29.221302
Richard Mccullough,72,816 Jamie Shoals,Acevedoside,South Dakota,98140,-138.075719,49.835547
Robert Cox,74,94534 Alexis Junction,Lake Scottmouth,West Virginia,57720,-80.47181,14.809135
Michelle Gray,80,3489 Norris Lakes Apt. 063,Ginamouth,Oregon,14812,110.068618,23.103809
Tracy Francis,51,0493 Owens Parks Apt. 102,Phillipshaven,Wyoming,38628,-26.045659,-38.7756575
Sarah Raymond,35,4156 Brenda Drive,New Veronicafort,Rhode Island,79279,-93.313427,-47.4169495
Aaron Robertson,61,22177 Dunn Springs,North Courtneyside,Illinois,26581,-68.414798,-2.9145175
Amanda Washington,67,7409 Ramirez Trafficway Suite 127,Malloryside,Colorado,74593,0.647524,-40.647765
Emily Horn,70,655 Brown Plaza Apt. 961,West Kristina,Georgia,14023,-96.17519,78.2386655
Bryan Brown,22,36497 Sandra Walk,Hernandezmouth,Mississippi,80971,129.892177,-69.6639965
Shelly Smith,41,4521 Diane Radial Suite 063,Zavalaburgh,Delaware,56682,-116.803288,48.3969925
Laura Hernandez,73,11102 Henderson Harbor Suite 567,New Andrew,Illinois,78489,-149.54993,51.7144355
Suzanne English,23,1179 Frazier Keys Apt. 245,Colonstad,Kentucky,98929,81.820881,72.4847505
Nicole Rangel,79,24853 Michael Via Apt. 021,Port Anthonybury,Rhode Island,15084,-19.813618,74.7300275
Adam Cox,66,9654 James River Apt. 886,North Jennifer,Colorado,86487,61.156032,-46.605063
Tiffany Burgess,66,362 Wilson Flat,Lake Davidtown,Rhode Island,99443,63.510901,-88.533538
Joseph Mclean,69,47510 Terry Route Suite 444,South Taraside,Arizona,76562,3.768321,-20.182707
Travis Ayala,35,06636 Richard Ranch Suite 608,Lake Kathleen,Arkansas,3902,10.741848,41.4963465
Charles White,24,575 Shepard Flat Suite 003,West Andrew,Iowa,32818,-108.891065,9.993449
Tristan Liu,49,911 Hancock Lock,West Stephaniefurt,Oklahoma,3689,20.220533,-20.0294595
Brett Manning,65,03851 Darren Vista Apt. 276,Port Josefort,Texas,28608,-134.570001,17.7301985
Katherine Wiggins,21,186 Simmons Plains Suite 247,Vincentmouth,Pennsylvania,21682,-4.603859,-27.2423975
Carrie Wolf,49,090 Roy Burg,New Robert,Alaska,27746,-54.024936,-12.586288
Melissa Mitchell,49,3171 Blake Prairie Apt. 118,South Rodneyton,Vermont,60643,55.26364,-51.743249
Michelle Stafford,57,009 Mccall Crest Apt. 680,New Heathertown,Georgia,39537,123.470872,13.341691
Savannah Johnson,28,6386 Wright Spur Apt. 509,Davidland,Nevada,71905,64.456865,20.8886455
Gabriella James,65,8985 Price Plains,Port Danielton,Ohio,93509,-17.750721,66.662682
Barbara Middleton,54,9868 Joshua Mill Apt. 122,Hawkinsshire,Utah,87050,28.089127,-84.343057
Megan Wagner,43,53277 Mike Well,South Jamesland,Minnesota,42234,-93.274662,89.841865
Lawrence Webb,24,10283 Martin Circle,South Cody,Vermont,37846,130.513412,-6.6137225
Tammy Lee,64,723 Lynch Circle,Wellsstad,Nevada,8205,11.36261,80.8947265
Donna Cook,27,68277 Mays Branch Suite 196,Petersfort,Virginia,2596,-8.072038,-82.8772885
Tony Anderson,52,331 Mary Key,Shawnbury,Wyoming,34974,-121.534918,48.9734525
Tammy Snyder,71,6309 Janice Prairie Suite 185,Garciamouth,New York,25326,114.349958,-79.302003
Felicia Smith,21,1275 Meagan Course Apt. 121,Sharonfort,Arkansas,93387,-131.879295,77.994845
Deborah Cooper PhD,64,691 Dale Stream,Zimmermanhaven,Virginia,98508,-109.890403,32.221185
Jim Taylor,29,070 Patel Meadow Suite 803,West Dianaberg,Iowa,46774,-29.148076,-15.285433
Francisco Meyer,65,449 James Flat Suite 125,East Samanthaberg,Missouri,26986,8.490728,81.4734235
Russell Dean,20,50059 Taylor Dam Suite 534,Joyceport,New Jersey,7444,-2.695826,49.6089605
Melissa Simon,37,497 Melissa Trail,Crosbyborough,Louisiana,81274,84.886052,72.1653375
Michelle Wilkins,34,758 Brady Tunnel Suite 554,South Michael,Alaska,35656,-51.615634,-3.830338
Jason Lopez,21,6584 Rebecca Port Suite 734,Paulaborough,South Dakota,86677,-34.934365,36.0161395
Anita Smith,71,70197 Lyons Forks Suite 924,Berryshire,Vermont,58854,146.211274,-42.813453
Nicholas Cordova,45,471 Benjamin Cove,New Danielleview,Maryland,92451,146.662271,-36.2092565
Sophia Morales,32,2246 Johnson Park Suite 236,Port Mistyhaven,Alaska,92184,160.246779,21.9353245
Carla Wilkerson,50,5164 Stacy Vista,Jamesview,Mississippi,15723,-23.973638,54.075585
Alexa Robinson,18,304 Finley Mill,Port Gary,New York,50679,-142.978557,35.0793295
Troy Vazquez,71,9358 Johnson Hill,New Corey,Mississippi,80687,45.21559,-79.8131955
Jennifer Green,27,24991 Nancy Mount,Josephton,Connecticut,42456,-168.949936,-19.691549
Ashley Romero,45,551 Coleman Viaduct,Derrickhaven,Arkansas,39184,149.201822,67.686425
Nathaniel Mcintosh,36,0768 Yvette Drives Apt. 411,Port Bradley,Arizona,82670,-147.106916,15.4717375
Robert Cole,78,061 Kelly Squares,Rioston,Minnesota,49099,-169.798535,32.718335
Mark Fuller,56,1724 Ward Dale Suite 220,Carrborough,Maine,32323,118.522228,-43.7946655
Mr. Peter Castillo,59,7690 Patel Knoll,West Morgan,Maryland,84292,14.642428,-23.4959235
Tricia Villanueva,79,539 Chad Shores Apt. 591,West Marymouth,Minnesota,27021,99.776077,56.9666045
Tamara Wallace,43,695 Dennis Viaduct Apt. 155,North Victoria,Florida,12510,28.708454,-14.1463955
Steven Mayer,80,076 Carlson Plaza,Tammyfurt,Pennsylvania,41540,-15.259536,75.5224575
Lori Bradley,42,91650 Murphy Garden Suite 697,West Natalie,Minnesota,6526,-39.534708,-70.223559
Mariah Butler,43,591 Johnson Avenue Suite 294,Richardsonport,Maryland,64729,169.141365,-78.1659085
Paul Morales,23,6341 Thomas Crossing,Josephfurt,California,92413,-67.845468,-59.809329
Debra Evans,36,9082 Hale Streets Apt. 702,West Colinville,Montana,36687,44.161753,-84.3573685
Alexis Davis,65,6051 Joshua Inlet Apt. 981,New Katherineberg,Arkansas,67252,-68.577857,-79.752324
Hector Miller,42,415 Ashley Locks Apt. 741,West Edward,North Carolina,71980,38.111598,-21.494355
Kari Tate,73,16215 Anderson Course,Kelleychester,Oregon,39520,-153.922457,-89.2722395
Lisa Harris,18,565 Matthews Junction,Danielside,Wyoming,7048,-146.137072,-53.248021
Desiree Rose,47,6211 Mcgrath Road Apt. 914,South Edwardchester,New Hampshire,4152,39.606449,-62.6926205
Katherine Duke,48,20878 Shaw Rest,East Kennethborough,North Carolina,26481,167.766973,87.138723
Ryan Alvarez,20,2157 Alicia Overpass,Taylorton,Delaware,60303,171.110812,46.58715
Brandon Lyons,33,7182 Garner Forest,East Victor,Alabama,47048,-84.703749,67.548851
Christopher Farmer,60,2210 Wagner Isle,Hartton,Washington,76951,-129.946816,71.866418
Jessica Allison,40,2592 Buck Throughway Apt. 860,South Veronicashire,Mississippi,9850,0.048504,18.055658
Amy Holden,59,08510 Rivera Grove,Wendyborough,Minnesota,10745,-112.503643,30.369085
Gloria Rosales,62,55875 Coleman Loop Apt. 976,Carlamouth,Hawaii,65747,-43.886518,-67.487361
Angela Walker,49,4617 Lee Village,Whitemouth,Arizona,34342,148.463722,22.5358855
Cindy Sanchez,23,42776 Wood Parkways,Brittanystad,Maine,48854,18.399466,-42.820216
Jerry Gregory,61,16650 Joseph Fork,New Andrewstad,Kansas,63743,-82.542389,6.953911
Daniel Richards,80,005 Park Valleys,West Marc,Nevada,24000,36.962332,-62.497856
Brady Gross,38,540 Herrera Orchard Apt. 901,Davisshire,Idaho,98774,114.502176,-70.6104065
Daniel Dixon,59,156 Andrea Mission Suite 268,Lake Abigailton,Oklahoma,66850,-78.981632,-85.5584435
Alan Harris,27,47405 John Cliffs,Elizabethland,Arizona,88852,148.371545,30.2145695
Mr. Angel Le,37,26980 Karen Dam,East Nathanborough,Iowa,16199,20.831897,-64.892649
Matthew Coleman,23,1334 Samantha Way Apt. 425,Powellburgh,Vermont,59553,107.380206,-30.9814435
John Hernandez,79,512 Tammy Shoal Apt. 879,Lambton,Missouri,20583,134.741456,55.3174205
Dylan Hill III,43,19515 Vickie Shoals,New Brianberg,Oregon,6125,14.636437,-24.635055
Miguel May,30,69081 Mark Mews,Torresmouth,Illinois,61525,73.089441,-28.170477
Natalie Vasquez,59,56654 Phillip Fall Suite 743,West Abigailhaven,Wyoming,5465,90.208353,-64.380297
Adam Harris,75,6107 Lisa Center,Deborahland,Kentucky,2701,-152.533553,-57.4580005
Stanley Brown,32,8067 Jones Valleys Suite 702,Rodriguezshire,Colorado,74252,113.266971,-23.0967
Joshua Deleon,66,03460 Gross Ports Suite 158,Jamesborough,North Carolina,99577,-103.803707,-47.3523465
Paul Simmons,72,3906 Pace Field Apt. 088,Lake Brenda,North Dakota,63587,-11.052161,-2.612021
Michael Gordon,42,51395 Danielle Islands Suite 311,Port Brendashire,Colorado,77705,-78.061961,-12.349937
Sarah Hansen,64,77060 Barber Underpass,South Johnland,Wisconsin,62098,47.298046,80.8325525
Peter Wallace,29,9933 Reid Well Suite 054,West Frank,South Carolina,3887,-24.426814,5.0540245
Robert Jones,48,34296 Daniel Alley Suite 680,West Richard,Nevada,66124,174.484988,-5.1908845
Christina Murray,37,792 Jones Locks,Jacquelinestad,Mississippi,15307,85.640135,-44.6740995
David Wood,36,70522 Mike Land,West Kevinfort,New York,9517,-152.86397,80.9796675
Marc Martinez,70,37818 Evans Roads Suite 869,Allenborough,Nevada,93814,-97.065846,-89.178052
Matthew Miller,55,42964 Williams River,West Elizabethchester,Texas,37394,-143.159031,0.5145075
Sharon Porter,49,993 Dorsey Fords Suite 707,South Arthur,Massachusetts,74126,173.444141,-14.2814595
Jamie Martinez,43,73800 Cross Key,Johnborough,Vermont,39009,-101.882091,15.7841685
Linda Diaz,79,0649 Micheal Orchard,Dunlapview,Hawaii,95246,115.96834,54.719618
Linda Anthony,75,512 Pearson Centers,Lake Veronicamouth,Louisiana,12013,-37.570894,5.2696275
Kevin Johnston,21,489 Jimenez Place Suite 663,Spencerland,Massachusetts,52168,-47.175799,-24.3362095
Chelsey Wang,40,307 Diaz Village,West Ericaborough,Massachusetts,19020,-85.889153,-8.350094
Edward Ramirez,39,2925 Evans Springs Suite 687,Chrisfurt,Indiana,8455,33.006235,62.3839805
Robert Gonzales,21,0797 Wilson Brooks Apt. 333,West Hannah,Alaska,14621,135.740437,-9.8319735
Larry Woodard,80,1741 Ronald Plaza Suite 931,Carpenterton,Idaho,90601,48.40691,-65.633373
Kathleen Lindsey,72,7097 Bautista Lodge,East Tracy,South Carolina,98578,22.586549,31.3914745
Sandra Richmond,43,67150 Samuel Loop Apt. 351,Debramouth,Maryland,59195,58.19848,19.486324
Daniel Anderson,32,9334 Lindsay Trace,East Michellehaven,New Hampshire,63906,13.301575,-66.5103215
Michael Miles,61,847 Dean Island,Maryfurt,Washington,82294,4.775795,76.5435665
Christine Wheeler,28,3321 Dennis Shoals,North Johnview,Vermont,70182,-39.111554,-44.072507
Rose Macias,31,4673 Graham Via Apt. 968,Rodrigueztown,Oregon,89163,0.970999,86.886531
Samuel Shields,55,1045 Angelica Station,South Alyssa,Arizona,12588,-135.398279,-60.642621
Andrew Cannon,19,20745 Wayne Junction,Jonathanshire,Idaho,84030,134.911909,-60.092913
Jose Sweeney,21,95961 Sarah Island Apt. 147,Walterville,Kansas,11658,35.136707,-36.227851
Jennifer Leblanc,56,124 Kelly Isle,Johntown,Massachusetts,24272,-103.897872,8.6078175
Phillip Holmes,72,44623 Peterson Cape Suite 703,Amyhaven,North Dakota,67800,26.765098,87.407437
Jill Phillips,18,7998 Anthony Cliffs Suite 344,East Sandratown,Nevada,12651,57.147552,-39.123392
Brian Bryant,27,9471 Richardson Spring Apt. 402,South Brianna,Georgia,3580,21.033156,71.757172
Jonathan Shelton,54,747 Mercer Throughway Suite 738,West Anthonyland,Arizona,21326,-37.109272,30.631657
Michael Rogers,36,0147 Mitchell Trail Suite 598,Port Mary,Alaska,96177,50.259576,-69.7930795
Lauren Gordon,21,992 Steven Knolls,Stephanieburgh,New Jersey,27882,-82.61177,47.339572
Bobby Bass,37,8671 Craig Orchard Apt. 498,Dawnton,California,71836,116.098568,-35.9326685
Jennifer Mullins,27,044 Johnson Shoal,East Angela,West Virginia,6654,-168.33674,26.720568
Christopher Zimmerman,74,31275 Mullen Port Apt. 845,Ericafort,Missouri,72592,138.624324,-39.272302
Jennifer Rose,53,23813 Henry Alley Suite 987,Deannamouth,Hawaii,25225,-9.046889,-62.8391215
Mary Green,22,04003 Joshua Union,Port Paulaside,California,80235,166.92719,-40.4717195
Kristy Allen,79,7938 Allen Stravenue,North Beverlybury,Maine,82414,115.107473,41.0040805
Ernest Estrada,76,9920 Ashley Crest,New Christopherberg,Vermont,26250,143.582085,-1.0408245
Jason Alexander,79,0162 Wright Lodge,West Xavierview,New Hampshire,31640,-166.677659,-43.344257
Joshua Smith,32,81127 Timothy Cliffs Suite 304,Austinhaven,South Dakota,33643,2.181134,-10.818225
Gregory Moore,43,12653 Carlson Rue Suite 004,South Eric,Missouri,81059,-120.474681,51.0425955
Kelly Morris,77,134 Mitchell Grove,West Gabriel,South Dakota,51288,100.101271,81.7060035
William Fisher,41,03295 Joshua Falls,Port Luisstad,Kentucky,29728,48.611009,-54.621764
Walter Anderson,44,463 Nathan Curve,Port Josephside,Minnesota,74316,92.149263,-70.1514355
Anne Rhodes,46,312 Jeff Roads Suite 158,Heidiview,Texas,27794,175.426721,75.907372
Tiffany Wilson,39,5836 Patrick Lakes,Harrischester,Colorado,55643,-178.906572,-46.4309455
Scott Edwards,64,084 Bob Mission Suite 147,Robertside,New Hampshire,11634,-81.118952,-58.3353905
Linda Estrada,32,143 Diaz Rapids,South Erinberg,Idaho,95797,-160.65167,-38.233637
Kyle Bryant,76,793 Dominguez Court Suite 235,Guzmanmouth,Louisiana,23062,-78.861826,-58.7902375
Stephanie Brown,68,184 Solomon Drive Apt. 255,Patelburgh,Arizona,36467,32.84109,-24.9514015
Troy Hunter,71,438 Gabriel Drive Suite 396,East Johnchester,Vermont,39693,-38.754258,-38.9898885
Sharon Santiago,40,7376 Mckinney Haven Suite 380,Audreyport,Illinois,69710,-28.549827,-5.3556125
Daniel Smith,72,0731 Brandon Plaza,Brandontown,West Virginia,56765,-11.619104,40.322187
Michael Galvan,41,7753 Lynn Unions Apt. 599,Thomasberg,New Hampshire,51021,98.433119,86.9594295
Amanda Boyd,69,62204 Ana Trail,Haynesfort,Minnesota,41078,81.772167,-27.149975
Charles Cox,52,08383 Evans Parkway Apt. 660,Rodriguezshire,California,27765,-57.608638,21.509676
Charles Huber,75,875 David Road,East Thomasfurt,North Dakota,21336,148.428288,-63.0219495
Mrs. Lindsay Owens DVM,46,7164 Sheila Burgs,New Mitchell,Wisconsin,54462,-84.164863,-19.138528
Melanie Sanchez,72,38904 Howard Valley,West Kathleen,North Dakota,96364,147.755411,-48.330674
Tyrone Roberson,79,1511 Ralph Harbors Suite 780,Lindsayberg,Montana,24819,-119.762535,25.594257
Ryan Lee,52,18877 Mark Fields,East Jerryborough,Minnesota,45364,-101.192589,47.169783
Joseph Guerra,34,670 Adams Orchard,Port Anthony,Tennessee,8302,-95.104592,-20.4914105
Cassie Murphy,57,470 Jose Keys,Davisview,South Dakota,94381,-86.913573,2.4999965
Maria Wright,53,1350 Williams Ridge Suite 155,Port Aaron,California,92154,-142.413813,58.6655015
Samuel Nunez,70,0516 Desiree Lock,Lake John,Arkansas,42445,-132.633208,-89.106042
Lindsey Kelley,73,2009 Tanya Center,East Ronald,Kentucky,70807,-0.365734,-88.068352
Cory Klein,80,6501 Marie Vista Suite 270,Fitzgeraldfort,Missouri,37013,-7.005161,-38.948727
Lydia Casey,23,608 Copeland Road,Tylerfort,Massachusetts,93421,132.408225,12.462672
Michael Cox,18,7206 Santos Track,Tylertown,Alabama,5715,95.060317,-24.086768
Darren Meyers,41,6549 Mcmillan Locks,East Jeffrey,Florida,91335,109.804462,-49.074953
Daniel Hood,49,58271 Rebecca Village,Baileyhaven,Washington,12893,-79.479399,81.131325
William James,62,552 Sherry Ports,Joshuafurt,Arkansas,29414,-19.885022,-27.0433075
Robin Garza,24,74581 Paul Route Apt. 452,West Cindy,Ohio,8122,160.930028,-43.1637995
Michael Thompson,42,0307 Isaiah Stravenue,Prattchester,Kansas,73197,-148.603969,38.053871
Keith Glenn,41,5532 Landry Center,Port Tyroneville,North Dakota,12322,68.071905,13.32837
Miguel Hunt,52,858 Amanda Lane Apt. 292,North Pamelatown,Montana,6239,135.884836,0.951493
Daniel Simmons,76,504 James Valley Suite 830,Smithborough,Kansas,47523,-48.824851,57.367747
Latoya Stewart,49,7780 Henry Route,North Anthonyberg,Wisconsin,89296,2.331641,34.3503635
Chloe Anderson,74,162 Bryan Skyway,New Michaelmouth,Connecticut,93538,-71.547942,-33.2741235
Nancy Carey,49,3921 Cross Motorway Suite 932,Daltonborough,Hawaii,86464,-152.600181,38.7973535
Chris Hodges,68,09370 Bradley Hills,West Daniellebury,Oregon,58487,125.144613,78.352088
Mark Carter,45,074 Nicholas Shore,New Nicoleton,Iowa,12629,176.840729,-71.1561435
Hannah Bailey,59,2489 Jeremy Center Apt. 362,New Alexandramouth,Louisiana,80130,-15.430506,-32.4960685
Laurie Nixon,57,251 Cruz Park Suite 025,Danielberg,Massachusetts,67594,-105.539875,52.8236245
Stephanie Gallagher,29,59190 Tara Courts Suite 280,Lake Stephenmouth,Oklahoma,32116,43.500071,-31.7517705
Joseph Gonzales,51,98385 Moses Mill Suite 734,East Ginaborough,Oklahoma,9036,-146.446253,87.3239845
Angela Martinez,73,31548 Joseph Harbor Apt. 026,Nealmouth,South Carolina,50969,-31.110965,-31.0384805
Michael Smith,70,3911 Megan Loop,North Hollystad,Nevada,64041,76.534665,-47.797926
Brandon Smith,72,89252 Bryant Mountain,New Johnmouth,North Carolina,55954,67.048605,-69.67206
Bruce Hughes,76,0717 Robert Inlet Suite 941,East Elizabethmouth,Illinois,28766,120.315819,-75.9962985
Manuel Jordan,61,65555 Megan Gateway,Ryanview,Ohio,25387,-144.382379,-76.758584
John Nguyen,59,522 Danielle Village Apt. 821,South Shannontown,West Virginia,62413,-72.071168,-75.493623
Michael Graham,20,189 Miller Overpass Apt. 671,Marytown,Alaska,78106,39.039578,86.1512055
Jason Newman,40,9955 Mark Overpass,East Melanie,Idaho,53412,-159.062926,-31.3114775
Cory Joyce,58,19090 Baker Wall Suite 893,West Diana,Florida,86152,139.082101,-59.316092
Nicole Ashley,40,439 Miller Forest,Kathrynville,North Carolina,28426,126.302767,32.3419375
Grace Murphy,39,089 Howard Inlet Apt. 882,Erinbury,North Dakota,35349,137.595915,69.806451
Tracy Hicks,56,99800 Sandra Spring Apt. 347,Port Lauren,Virginia,45559,-70.135966,-22.89375
Darius Park,32,7851 Garcia Well Apt. 542,Ryanfurt,Indiana,51599,94.187946,-42.481232
Melanie Alvarez,46,691 Justin Pass Suite 275,Port Billland,Washington,59585,71.336971,-59.105827
Dominic Alvarez,71,2608 Hector Plain Apt. 520,East Misty,Connecticut,26933,-92.810041,63.8547145
Michael Ellis,56,6589 Mitchell Lodge Apt. 571,New Kimberlyborough,Nevada,1220,79.887269,71.102292
Anthony Serrano,46,2115 David Trail Suite 272,South Craig,Florida,55307,-130.84618,-35.3181165
Michelle Richardson,53,983 Watkins Roads,East Jessemouth,Wyoming,67297,122.151536,88.92685
Eric Sullivan,78,418 Coffey Canyon Suite 620,North Lisa,Vermont,22563,8.471898,2.628494
Courtney Sullivan,36,2730 Edward Common,Amymouth,Massachusetts,1800,-87.439902,42.249073
Amy Williams,22,85506 Christina Mill Suite 515,Lake Waynefurt,Mississippi,47528,-36.857543,-51.0635465
Garrett Frazier,21,88679 Perez Shoals,North Gregory,Alaska,33154,123.837324,51.60311
Jerry Payne,61,593 Heather Mountains,New Jordanton,New York,18405,24.387298,22.4986615
Charles Hester,68,585 Meadows Point Apt. 627,Salinashaven,California,20277,-147.602302,-65.2094615
Roy Scott,78,912 Ward Manors Suite 018,New Edwardton,North Dakota,67778,86.837373,-12.725598
Emily Savage,73,91362 Stephanie Lodge,Danielmouth,Colorado,36956,130.015004,44.084256
Louis Hall,59,924 Pearson Divide,Nguyenburgh,Tennessee,36899,9.75698,78.6907275
Sarah Williams,62,97045 Christopher Islands Suite 421,West Ashley,West Virginia,66532,-78.849354,-3.500032
Jessica Johnson,75,9224 Victor Lake,New Bobbychester,Kansas,31041,-50.958347,46.4560815
Gregory Carlson,53,78802 Barbara Greens,Warnerland,Pennsylvania,16517,-27.986097,-69.654591
James Stuart,37,96204 Mckinney Bridge Apt. 482,Patrickburgh,Florida,511,63.04917,83.0400795
Michael Smith,18,529 Timothy Stravenue,Macdonaldton,Nevada,15232,-115.593026,-83.0028645
Heidi Edwards,39,0650 Kathy Drive,Tylermouth,Georgia,98812,125.071463,-22.8894795
Wendy Dawson,26,72065 Allen Crossing Apt. 137,West Rebeccatown,Wyoming,61913,-89.069836,5.523214
David Freeman,40,0004 Robinson Run,Port Philip,New Mexico,80188,-140.222939,4.870061
Kimberly Grimes,49,321 Molly Plains,Lake Victoriaton,Missouri,88738,154.94999,-80.5484025
Julia Carpenter DVM,23,23246 Vargas Inlet Suite 583,Vaughnburgh,Michigan,53037,-56.868961,86.0769865
Jessica Williamson,80,006 Snyder Rapids Apt. 853,Dawsonmouth,Pennsylvania,14791,-8.747716,84.5672805
Briana Smith,67,0682 Bennett Corner,South Janetfort,Massachusetts,25002,19.475426,-41.7221115
Stephanie Pierce,51,782 Kelly Freeway Apt. 686,Watersmouth,New Hampshire,75964,-121.782927,-50.9472845
Makayla Ruiz,31,1828 Benson Summit Suite 808,New Alexandertown,Utah,62770,9.928712,5.5923185
Willie Smith,28,80882 Cheryl Forks,East Dana,North Carolina,43017,-51.955934,16.994215
Michelle Chen,58,88654 Luis Road,North Sarahland,South Dakota,83892,-90.925218,49.3117675
James Dixon,74,7442 Jared Drive,Lake Robert,Wyoming,33260,-122.430081,84.619336
David Hines,25,049 Andrew Groves,New Jessica,Tennessee,17448,162.199939,-53.13259
Patrick Smith,40,00049 Adams Garden,Markchester,Virginia,49794,156.010144,11.265738
Robin Hardy,18,70392 Smith Walks Apt. 519,Wagnerton,New Mexico,1209,108.512645,74.4180135
Michael Rose,53,74978 Ashley Way,North Joshuaborough,Illinois,84235,-105.926484,-60.4402955
Edward Erickson,46,88265 Garcia Stream,East Jamesmouth,Oklahoma,63238,-52.811422,63.148415
Rachel Guerra,77,19873 Amy Radial Suite 256,Lewisport,South Carolina,40175,120.712184,17.0263985
Jacob Ramos,57,243 Garrett Mill,West Patrick,Nebraska,9387,-165.392639,-7.412144
Kevin Ramirez,68,48997 Marks Crescent Suite 310,Paulhaven,Virginia,6139,161.570016,-33.4021645
Crystal Chase,28,69948 Williams Land Apt. 202,Davidburgh,New Jersey,5901,-42.151642,-6.7352705
Pamela Berger,36,0881 Riley Falls,New Victoria,South Dakota,29917,-7.007859,-72.597057
Mr. Ryan Walker,58,251 Holmes Orchard Suite 023,Lindsayberg,Michigan,23885,77.091593,-85.0829815
Ricky Wallace,45,079 Jody Club,Kerrland,New Mexico,9968,111.269328,-82.582401
Rebecca Day,27,8345 Butler Route,Richardsontown,Montana,56907,18.262572,-56.787182
James Wells,40,9822 Joy Tunnel,Ortegabury,Nevada,89797,75.90569,55.958694
John Gardner,56,642 Sherri Plains,New Suehaven,Utah,44596,15.344098,-28.477302
Kelly Reynolds,62,1212 Patton Road,West Eugenefort,Minnesota,2499,173.775385,-84.4570735
Brett Holt,73,77838 Michael Pine Apt. 745,Taylorburgh,Nebraska,90635,-54.575843,12.018748
Luis Lawrence,36,47411 Williams Well Suite 183,Allenmouth,Michigan,87501,56.75871,-76.5890655
Julie Mullins,58,23801 Harmon Garden Apt. 742,Victoriamouth,Alaska,95892,123.794612,-18.314238
Christopher Lowery,64,3717 Logan Forges,Gibsonbury,Oklahoma,19943,179.891244,47.2812505
James Ryan,78,617 Susan Mission,Port Michaelside,Alaska,50838,98.273031,19.971401
Jenna Lee,76,85270 Jason Haven,Daviston,Virginia,28586,143.908449,49.380161
April Curtis,73,91368 Christopher Wells Suite 507,Fieldstown,Kansas,42526,64.865965,-21.544342
Amy Daniels,63,828 Steven Brooks,East Phillip,Wisconsin,96365,123.871366,-5.541649
Kara Rice,20,8784 Rios Stream Apt. 402,Santoshaven,Arizona,92126,-40.053267,-45.4518455
Corey Montoya,18,6127 Christopher Square Suite 627,Wonghaven,Florida,29363,105.546151,58.8464965
Mark Barnes,76,23255 Sarah Course,East Aimee,Georgia,62730,-114.634392,-14.6962135
Sarah Caldwell,26,310 Nathan Meadow,West Billy,North Carolina,13053,42.144975,34.0804915
Howard Washington,54,480 Patrick Stream,South Dale,Wyoming,9525,-28.623247,-69.83043
Christopher Richards,52,5988 Atkins Meadows Apt. 280,East Morganburgh,Ohio,97941,-81.28985,-79.8404545
Alison Mcdaniel,27,94962 Joseph Manor,Williamsview,North Carolina,27544,-35.980632,-79.1152865
Jeffrey Floyd,77,3184 Quinn Rapid,Rebeccaton,Iowa,63269,4.692161,-74.2529805
Gwendolyn Brown,29,435 Berg Bridge,Wardton,Delaware,24485,-76.072755,69.27932
Mary Parker,39,42896 Michelle Square Apt. 362,Elizabethmouth,Ohio,2731,44.432807,44.6559825
Alexis Guzman,26,4595 Burns Grove,Flemingmouth,Kentucky,82226,-25.817919,80.337599
Eugene Herrera,65,668 Collins Islands,Braunhaven,California,30653,0.820459,-1.2970305
Brian Perry,60,54005 Donna Causeway,Port Heatherburgh,Oregon,55325,35.093493,-31.3679405
Ashley Perry,79,55817 Jessica Road,Port Ashley,Virginia,42853,133.693428,-56.7287
Jacqueline Newman,74,061 Raymond Corner,Lake Christinebury,Delaware,70699,-68.636174,79.799942
Kimberly Lee,77,2219 Lori Lights Apt. 120,Amymouth,Nebraska,86880,-65.971025,10.7825765
Scott Schmidt,32,4944 Patrick Villages Apt. 012,Timothyview,North Dakota,22271,-90.688062,-69.001154
Shari Chavez,26,8869 Kenneth Island Suite 846,Joshuafurt,New Jersey,26383,-156.090196,5.211702
Charles Burke,55,17095 Sara Mission,Ashleyton,Pennsylvania,47322,35.257276,14.491278
John Ellison,44,9024 Ryan Square Apt. 931,Whitemouth,Florida,70532,-112.250445,-34.546436
Suzanne Wright,66,68714 Tina Motorway,New Dawnland,Rhode Island,42523,131.10153,-36.443683
Lisa Fleming,32,40501 Marquez Ridges Suite 149,Ericfort,Florida,13492,-146.862715,-70.5927815
Cristina Green,21,459 Scott Brooks Apt. 984,Kellerborough,South Carolina,22326,-154.918141,-67.870313
Marilyn Gomez,61,50186 Zachary Extensions Suite 788,Ericksonshire,Maryland,83231,-23.165169,23.1400735
Debra Silva,52,68686 Freeman Causeway Apt. 653,East Christopher,Florida,63881,6.897834,51.7066005
Phillip Williams,20,7512 Steven Grove,Brownfort,New York,37126,138.318894,60.271951
Amanda Fox,56,30196 Charles Islands,Sandovalshire,Louisiana,51908,-178.230564,-6.105525
Edgar Baker,36,4634 Buchanan Plaza,New John,Texas,66480,-179.709416,72.656582
Adrian Beasley,43,41725 Andrew Coves Suite 341,East Joelhaven,Oklahoma,55797,68.759074,15.2923625
Derek Reyes,70,3735 Stokes Cove,West John,Mississippi,6474,-21.289808,-28.421424
Dr. Peter Medina DDS,18,69824 James Greens Suite 139,West Kevin,Illinois,75837,36.086368,-81.5631325
Jessica Lopez,78,3611 James Gardens,East Shannonville,Utah,67928,152.975085,-87.7220395
Jacob Ward,70,63502 Kenneth Cliff Apt. 159,Michaelview,Utah,31353,-73.247469,67.824022
Jason Powell,51,262 Mark Ranch Suite 478,Briannaberg,Minnesota,61419,-33.937157,50.589358
Mary Patel,40,396 Mark Cliffs Apt. 136,Stephenfurt,Illinois,36973,118.556255,16.4589135
Anthony Jones,54,5234 Johnson Course Suite 609,Franklinbury,Hawaii,7077,29.074324,11.550757
Teresa Lopez,66,83382 Herrera Viaduct,Nicholasberg,Idaho,7309,-110.271189,-21.197286
Katherine Hansen,60,273 Elizabeth Unions,Port Ellentown,South Carolina,20657,-23.493968,44.07376
Mary Navarro,42,70773 Julie Ports Suite 162,North Christinastad,Illinois,28405,-63.023743,-58.8724005
Samantha Salazar,51,5785 Christopher Spur,Mackchester,Arkansas,27911,-139.029712,41.0445795
Debbie Williams,57,015 Jennifer Square Suite 821,Davidburgh,Mississippi,28281,-108.82414,-84.756785
James Hunt,77,648 Chelsea Manors Suite 933,New Jillville,Delaware,17195,34.269786,56.0227185
Shannon Bruce,58,3594 Timothy Manors,West Jonathanberg,Nebraska,60669,-12.573403,31.6821535
Kayla Smith,73,0141 Jason Islands,North Tyler,Colorado,46406,150.287347,29.447579
Crystal Mendoza,59,050 Donald Causeway,Meganport,Alabama,723,176.41731,-20.233579
Sarah Garcia,50,66992 Justin Streets Apt. 468,East William,Montana,87254,-159.794345,-75.672079
Rodney Bell,74,814 Hernandez Lodge Suite 823,Wadeton,Rhode Island,60113,-116.022727,-48.654376
David Fisher,77,943 Johnson Turnpike,New Justin,New York,84694,146.187308,-5.826167
Timothy Marshall,38,6898 Jason Route,North Kelsey,Michigan,38270,79.220697,-77.2286795
James Arellano,47,84213 Hardy Bridge,Port Josephshire,Montana,25486,-168.951108,17.2964245
Isaac Campbell,36,6600 Moore Light,South Christianbury,Kansas,28830,-42.919515,16.249638
Vanessa Sanchez,68,00783 Cummings Glens Suite 460,Graybury,Nebraska,61281,-36.07056,13.852559
John Lopez,23,97830 Tracy Inlet Apt. 299,East Patrick,California,16775,-179.494702,-44.978621
Sean Wolf,74,771 Walter Ford,Smithbury,California,65293,59.282811,-31.5329815
Linda Davis,72,4877 Laura Cape,New Sydneyfort,Michigan,98339,113.14825,-66.947864
Sean Best,47,435 Watson Brooks,West Ashlee,Wisconsin,48039,-122.470844,-86.3200825
Patricia Brown,31,41935 Ibarra Mount Apt. 553,East Charles,Alaska,49109,-130.750016,18.817345
Samantha Bradshaw,49,138 Welch Shore Apt. 844,East Brandontown,Kansas,1051,-55.600789,39.0114755
Terri Fuller,71,6019 Mary Loaf Apt. 305,Lisachester,Arizona,84052,107.365326,87.5027225
Todd Newton,60,547 Williams Stream,Griffinton,Oregon,28621,171.005959,-18.7484145
Anthony Johnson DVM,77,139 Nelson Lodge,Travisside,Tennessee,37442,38.795771,82.6643795
Raymond Brooks,25,871 Lorraine Viaduct,Port Amberberg,Louisiana,85656,122.465033,-69.007718
Sabrina Reynolds,43,89856 Susan Trafficway,New Richardstad,Washington,46358,102.197956,-20.026354
Makayla Choi,23,025 Bennett Stravenue,Lake Juliebury,Idaho,20951,-124.154931,29.9244765
Joshua Schultz,44,474 Lynn Village,Jessicamouth,Illinois,79378,102.004434,89.8420845
Casey Brown,18,869 Jared Dam Suite 833,Carolynland,Delaware,7182,164.173385,-59.6274315
Amy Graham,80,111 John Key Suite 339,Bennettborough,Kansas,33301,166.678978,80.6219845
Joseph Cooper,38,7441 James Summit,Taylorhaven,Ohio,99630,120.176843,-19.4980565
Paula Richardson,58,9448 Barbara Throughway Apt. 086,Rickychester,Colorado,13109,-99.830768,-45.7272355
Patricia Cox,62,7555 Patterson Trail,Lake Christopherberg,Kentucky,44982,6.895238,16.415525
Anthony Maxwell,29,854 Rebekah Valley,Riggstown,Virginia,63624,162.953635,85.6719105
Ashley Jones,37,62752 Richard Pines Apt. 565,Garyhaven,Rhode Island,53499,132.231935,-82.978132
Kevin Whitaker,26,7298 Morgan Keys Suite 892,South Elizabeth,New Hampshire,6973,-70.38502,-28.4502835
Kevin Jacobs,46,07921 Cabrera Ways,Gardnerton,Louisiana,10593,-42.19028,88.5334835
Natasha Taylor,73,39393 Timothy Club Suite 730,Bridgetborough,Iowa,1422,-79.403433,-83.0755395
Ethan Park,70,273 Riley Drives,Schmidtville,Ohio,66423,-37.105425,-77.9670995
Brandon Young,70,93768 Aaron Branch,Lake Travistown,New Jersey,76691,6.78426,-17.7574355
Nicholas Peters,21,9192 Amber Gateway Apt. 359,Adriantown,Alabama,68820,-41.445496,-11.7607625
Timothy Evans,68,766 Rosales Isle,New Jacobshire,Massachusetts,40646,47.453346,-82.967344
Mr. Ross Wright,36,0450 Morris Lodge Suite 135,Singhfurt,Montana,74891,30.64224,74.320577
Pamela Pollard,67,431 Jessica Crossroad,Burnettfort,Rhode Island,68978,-51.32498,86.0086635
Jeffery Mcbride,77,152 Jessica Haven Apt. 495,South Dianamouth,North Carolina,11325,-56.113204,83.0875265
Natalie Jones,34,1333 Rocha Hills Apt. 136,Albertburgh,Minnesota,90874,100.21224,79.0295345
Christopher Hernandez,58,549 Morgan Court,Julieshire,New Jersey,33508,176.475301,66.457986
Sharon Webb,30,080 Savage Grove,Lake Michael,Oklahoma,49582,78.33029,-32.653915
Caleb Hawkins,77,26298 Joel Place Suite 872,Heatherhaven,Colorado,576,163.300969,-88.8206195
Mario Franklin,65,0396 Kristina Springs Apt. 222,East Colleen,New York,60027,-103.710009,-11.678994
Edward Cameron,20,37415 Barrera Drive Suite 286,East Timothyhaven,Georgia,87018,138.534303,-13.965293
Katrina Roberts,19,357 Carrie Fork,East Emma,Massachusetts,79264,-99.472968,16.242086
George Hernandez,18,59669 Santiago Center Suite 402,Tranton,Massachusetts,55665,75.019257,-12.7408655
Jacob Kelly PhD,30,22642 Tiffany Rest Apt. 664,South Christopherburgh,Arizona,47122,30.306513,50.212205
Joshua Alexander,44,0516 Laura Common Apt. 932,South Aprilbury,North Dakota,4159,26.067415,14.477269
Chelsea Rosales,29,1312 Seth Falls,Tylerfurt,Idaho,86791,-34.859163,-81.2452135
Valerie Wilson DDS,50,7086 Hernandez Manor Suite 012,Joshualand,Illinois,10379,161.678996,71.25397
Andrea Martinez,30,944 Guzman Well Apt. 742,Jenniferberg,Arkansas,32944,-50.772637,-60.874197
Brian Adams,26,7756 Cochran Estates Apt. 616,Perezville,Oregon,76256,-120.901134,-54.1632595
Jeremy Gay,60,4860 Amanda Wall,Gonzalezstad,Colorado,95695,-14.273076,-63.036404
Isaiah Best,31,7167 Hill Tunnel,Marktown,Vermont,59909,126.127636,-74.4852675
Michelle Miller,22,02287 Williams Run Apt. 591,Shannonville,Pennsylvania,76769,-53.050533,-60.529325
Abigail Miller,67,015 Barry Pass Suite 014,Port Petermouth,Iowa,94104,127.038358,-88.1735245
Audrey Diaz,45,843 Young Manors,Hartshire,Alabama,95585,-165.009424,58.2007355
Gregory Hawkins,33,67219 Monica Ramp,Amyland,Michigan,14601,-40.403948,-16.8537275
Charles Webb,57,66764 Hoffman Heights Apt. 944,West Jessicashire,Arkansas,36390,-86.037763,-2.349007
Jose Bailey,74,6998 Franco Forks Suite 294,North Rachel,Arkansas,37726,0.631852,-60.343732
Robin Martinez,55,81330 Hayes Row Apt. 903,Port Katie,Georgia,63994,125.604273,-13.537502
Kelly Leach,22,25221 Wright Cliffs Suite 297,Johnsfort,Idaho,1547,-3.040406,-67.772483
Raymond Taylor,71,331 Hart Spurs,Lake Danamouth,Michigan,58997,54.849399,-16.9650865
Alexis Wood,57,816 Jamie Canyon Apt. 411,Ericfort,Colorado,9421,-7.22931,-22.5744905
Dylan Wilson,43,95733 Williams Station,Batesburgh,Minnesota,8839,-175.583175,42.2593095
Steven Nicholson,20,2458 Simpson Forks Apt. 603,Lisastad,Massachusetts,85202,50.831814,14.7945345
Matthew Stephens,48,796 Cole Roads,Leahland,Oklahoma,18181,-89.71869,-72.262258
Hannah Santos,55,68884 Gutierrez Loop Suite 701,Elizabethfurt,Nevada,67142,8.88627,69.195296
Alex Wade,80,243 Amanda Centers,South Josephborough,Rhode Island,3601,-15.247577,35.117073
David Day,68,01551 Jacobs Wall,West Charlenestad,Connecticut,46652,144.058759,54.706561
Yvette Schaefer,20,29623 Jon Station,Port Brittanyville,Missouri,18981,-156.345165,40.5219515
Brittany Powell,39,07729 Washington Springs Suite 847,Michaelbury,Washington,8294,-129.721694,77.3874035
Tammy Parker,61,0223 Lisa Camp Apt. 547,North Jeffrey,Wyoming,78721,69.019043,-14.3644145
Collin Cook,67,8571 Hebert Valley,North Ross,New Mexico,14277,-157.586265,22.29924
Daniel Hunt,31,705 Zachary Stream,North Kimberly,Hawaii,13241,19.005295,83.974788
Jennifer Anderson,46,65893 Mendez Wall Suite 486,North Aliciaborough,Maine,78580,-80.142838,-63.971898
Heather Dickerson,51,47767 Tucker Mountains,Danielberg,Nevada,11235,2.572432,45.3675655
Rebecca Arias,41,590 Wise Roads Suite 329,Port Regina,Wisconsin,53556,7.607272,-22.535155
Christopher Kelly,57,69074 Elliott Knoll,Heiditon,Virginia,37331,-112.143214,-9.718026
Jennifer Ruiz,42,24036 Alvarez Greens,Savannahstad,Arizona,82943,31.397296,47.476852
Jason Cruz,37,908 William Pines,Traviston,Pennsylvania,14133,25.996826,-63.769358
Leah Lee,72,884 Reid Parks,Port Brian,Indiana,75400,-63.202007,-52.7354235
Alexis Fletcher,68,893 Li Unions Apt. 596,West Amber,Iowa,34629,-145.624404,24.1435155
Omar Mitchell,49,83726 Fernando Landing Apt. 681,Gregorytown,Ohio,89401,-146.543981,-16.075583
Linda Burgess,66,2056 Johnson Cove,Burtonbury,New York,59633,-70.657536,61.7448305
Chelsea Harris,73,303 Larry Road Suite 505,Hernandezton,Nevada,41710,-34.93724,-38.1726415
Susan Olsen,32,2400 Mclean Port,Martinfort,Maryland,40501,-6.396124,14.378022
Elizabeth Cross,37,09233 Schneider Wall,South Shawn,Colorado,63004,37.950364,-7.6625205
Linda Ross,80,66680 Sanchez Garden,New Dianeport,Utah,83461,-75.212269,-30.3866725
Carrie Farrell,19,603 Sarah Coves,East Crystal,Utah,20003,-161.637812,-7.587253
Tiffany Williams,33,67285 Cassandra Passage,Curtishaven,South Dakota,54007,-165.223999,30.0197225
Richard Conley,73,03208 Bowman Center Suite 647,Garciafurt,Pennsylvania,49834,-178.262327,-69.0577435
Patrick Lopez,29,744 Quinn Rapid,Kellytown,Arizona,40828,54.997447,-72.4428285
Ashley Cooper,53,8949 Reyes Mountains Apt. 623,East Alexandermouth,Michigan,16307,73.130294,-44.2781585
Taylor Austin,71,7486 Lee Knoll Apt. 889,Austinville,North Dakota,48117,10.72004,-34.8920145
Mary Johnson,45,635 Sanchez Plains Apt. 468,East Zachary,Idaho,57394,51.628021,-23.87787
Allison Contreras,72,203 Amanda Points,Benjamintown,South Dakota,53159,76.139238,14.023038
Heather Rowe,68,651 Robert Rue,Taylorview,Mississippi,41861,96.008828,3.637313
James Richard,59,85942 Destiny Drive,South Ianport,Oklahoma,44136,-80.964041,47.103772
David Delacruz,41,27568 Petersen Skyway Apt. 559,Edwardbury,North Dakota,78787,161.974256,-7.641973
Jessica Johnson,67,470 Moody Mountain,Lake Clifford,North Carolina,68141,53.595237,61.2086395
Walter Young,23,640 Jaime Underpass Apt. 524,West Ginastad,New Jersey,82635,162.177136,-74.9995275
Christina Melton,41,8856 Thompson Shores Apt. 101,South Paulaborough,Oklahoma,50146,-75.743018,32.0653875
Sara Sanchez,53,9721 Kidd Village Suite 446,Nicholsonburgh,Kansas,27411,-172.191416,57.9977065
Ryan Barnes,38,53709 Santiago Light,Port Nathanshire,Hawaii,19986,-37.055441,42.2494175
Rebecca Daniels,64,486 Brian Plains,South Amber,Utah,19353,-14.810303,63.641627
John Murphy,67,727 Katrina Causeway,Port David,South Carolina,62190,-7.427638,36.970831
Tammy Gonzalez,63,8690 Sara Streets Suite 999,Grahamchester,Alaska,50866,-55.956136,-45.5592285
Jason Steele,31,998 Candace Estates,West Elijahmouth,Utah,55529,-168.553217,-17.130033
Julie Hamilton,58,117 Harrison Alley Apt. 298,Smithstad,Iowa,24135,149.848856,4.935318
Joseph James,75,447 Johnathan Rest Apt. 242,North Kimton,Washington,39483,133.537178,56.713166
Victoria Stanley,48,0691 Jack Unions Apt. 737,East Todd,Kentucky,51683,67.146505,20.809299
Russell Andrade,30,793 Bradley Shoals,North Douglasfurt,Nebraska,72026,158.306662,60.965875
Erik Anderson,54,8569 Webb Rapids Apt. 224,Rosehaven,Delaware,78324,-94.201183,51.608917
Andrew Henderson,42,3266 Vasquez Island Suite 576,Randyshire,New Hampshire,97049,79.512533,-31.43841
Chloe Thompson,43,2251 Garner Walk,Terrystad,Nevada,1037,154.354439,-37.748236
Maria Berry,62,289 Jones Vista Suite 210,New Daniel,Connecticut,27527,-19.59927,40.2629915
Blake Cole,40,481 Mckenzie Overpass Suite 210,Longborough,Hawaii,66111,51.657184,-34.9188925
Walter Wiggins,67,903 Garcia Villages Apt. 694,Danielbury,Indiana,45595,177.208107,-26.391169
Eric Long,55,345 Delgado Oval,West Matthew,Indiana,33299,22.0949,-28.3138605
Richard Hudson,46,617 Anderson Oval,West Matthewshire,Kansas,49226,-48.412584,-66.2019555
Lori Sexton,62,3430 John Rest,Wolfeborough,Alaska,34321,55.12339,-64.6565275
Deanna Wallace,23,47181 Ramos Crest,East Angela,Massachusetts,3375,113.24419,53.3601865
Theresa Knox,61,06392 Joshua Cliffs Suite 383,Ericfurt,North Carolina,65523,-111.088878,45.842081
Colin Miller,38,5830 Tyler Neck Suite 061,Foxland,Washington,71187,63.571395,71.047071
Ashley Carney,42,200 Horton Summit Suite 926,Lake Josephville,Mississippi,4977,61.577986,-4.6943525
Shawn Mitchell,28,26864 Alexandra Radial Suite 678,East Robert,Florida,78188,-123.88859,-0.323293
Rachel Wood,49,2145 Anthony Island Suite 940,North Julieberg,New Jersey,80623,170.976676,4.6635495
Samantha Hernandez,23,97066 Baker Grove Apt. 866,Paulmouth,Colorado,90559,-82.859005,53.472044
Shawn Allen,31,055 Abigail Vista Apt. 817,South Danielle,Vermont,27500,136.479379,43.5043105
Teresa Singh,41,0860 Byrd Spring Apt. 752,Stephensview,Virginia,60408,-81.946773,43.522642
Ronald Dickerson,66,84769 Jennings Pines Suite 986,North Sheri,Illinois,38112,43.604119,-14.724434
Kenneth Phillips,34,87446 Tara Road Apt. 981,Hollychester,Nevada,36536,-65.843364,83.590334
Michael Jones,77,65273 Gary Points,East Tasha,Minnesota,3529,-169.026986,-9.153172
Jessica Kim,71,350 Edwards Avenue,New Erin,Pennsylvania,49341,21.102919,-88.3195125
Samantha Gonzalez,48,26725 Cain Passage,Lake Nichole,Minnesota,75309,-63.163028,-51.150712
Jeffrey Williams,43,83520 Carol Ports Apt. 382,Alyssahaven,North Carolina,53670,136.777072,-47.006819
Amy Coleman,70,52594 Deborah Valley Apt. 163,Willietown,Kentucky,52532,6.10706,17.658941
Joanna Hall,35,463 David Corner Apt. 350,Patrickberg,South Dakota,93523,167.515821,-75.8174145
Alicia Smith,75,475 Russell Overpass,East Holly,Alaska,20020,-121.485908,-83.082653
Darrell Payne,18,0729 Ryan Inlet Suite 008,South Harry,North Dakota,6597,168.896717,-72.644293
Christopher Estrada,59,2501 Day Lock Suite 110,Martinezview,Virginia,62614,-157.136097,88.577562
Michael Gibson,59,09242 Smith Freeway Suite 407,Lake Joshuabury,Utah,61152,-90.176214,-85.096282
Scott Burgess,39,468 Esparza Circles Apt. 429,Smithfurt,Ohio,23302,5.083811,-82.065166
Kyle Mckinney,22,700 Jennifer Drive,Lopezburgh,New Mexico,12573,-149.127575,5.7653585
Richard Padilla,28,07662 Thompson Gardens,Port Nancy,Mississippi,37496,108.442451,-22.716522
Jasmine Flowers,79,68153 Joseph Manors Apt. 330,Rogersbury,Oklahoma,35191,93.662457,54.510245
Robert Barber,59,796 Mary Stravenue Suite 527,Zacharyborough,Vermont,80531,-86.43595,-27.4616905
Kevin Wheeler,75,164 Henry Flats,Bentleyshire,Colorado,39416,-119.612145,29.551303
Patricia Lopez,53,0742 Smith Locks,North Bonnie,Nebraska,6764,147.205401,-29.9376615
Billy Washington,75,30194 Clark Cliff Apt. 077,Port Carlamouth,Connecticut,3792,-61.672061,52.021311
Joshua Evans,24,9772 Taylor Crossing,Leroyview,Nevada,90772,96.286404,23.4064735
Angela Sosa,60,23867 John Oval Suite 233,Johnburgh,Florida,8228,-48.00881,-56.104296
Nicholas Scott,45,8494 Garcia Coves Suite 568,New Kelly,Oklahoma,38597,-15.059307,-75.8591795
Paul Macias,56,02775 Shawn Village Apt. 608,South Jesse,Mississippi,85958,56.142393,9.036659
Jon Baker,78,31284 Christopher Station Apt. 584,Port Jessicabury,New York,46230,30.989195,-69.8401695
Chelsey Jones,33,215 Phillip River Suite 404,Justinton,Montana,76459,-157.968745,76.7763185
Pamela Wise,54,117 Brown View Apt. 905,Nicholsfort,Oregon,41747,-161.485889,-19.451415
Maria Ramsey,44,65805 Stephanie Divide Apt. 983,South Danielmouth,Massachusetts,43371,92.462527,-61.684558
Lisa Robinson,64,494 Preston Brook Apt. 148,Williamsstad,New York,95511,-51.628296,-78.675677
William Bryant,32,96684 Winters Forest Suite 495,North Shelley,Alaska,79236,-116.467833,-63.8778255
Christopher Rice,60,71837 Roberts Port Apt. 139,South Stephaniefurt,Alaska,46187,-28.275625,-26.9460955
Jeremy Smith,57,7603 Stanley Mews,Lake Johnmouth,Utah,27413,172.08468,79.419128
Julie Wilson,34,029 Timothy Unions,Katrinastad,North Carolina,40279,-82.800437,-87.9198345
Elizabeth Koch,45,3669 Miller Estates Suite 896,South Apriltown,South Dakota,43389,-106.788873,10.064595
Jesse Weber,78,41999 Obrien Mountains,North Davidberg,Maryland,81807,151.384308,45.0982375
Samuel Wright,64,3877 Tina Square Apt. 496,Martinezside,Ohio,98790,9.144293,-36.6050125
Patrick Adkins,77,6576 Shannon Track Apt. 401,Raymondbury,Oregon,40284,41.798876,-27.863351
Joe Turner,55,9267 Hudson Inlet,New Kerrimouth,California,24874,34.612321,-27.135348
Katie Osborn,34,811 Guzman Inlet Suite 423,Port Keith,North Dakota,53102,30.23572,40.3733695
Ms. Amanda Green,73,39029 Steele Junctions Suite 435,South David,Connecticut,716,-175.415279,-19.719654
James Davis,53,88363 Carroll Rue Suite 405,North Anthonybury,Minnesota,18848,-2.048503,3.6673625
Jeff King,45,049 Andrew Brooks Suite 890,Laceytown,Indiana,75078,-41.468094,23.009549
Patricia Pollard,79,531 Webster Road Apt. 892,Lake Angelaburgh,Ohio,32930,-57.356455,-50.1084815
Tammy Brooks,43,31488 Kimberly Cove Apt. 174,Michaelton,Oklahoma,18743,95.166688,1.8531765
Aaron Hanson,43,8912 Nathaniel Oval,New Cheryl,Virginia,62590,122.457652,13.60941
Kimberly Davis,58,7852 Miller Greens,Port Michael,Indiana,51060,-177.727835,49.28765
Christopher Johnson,21,025 Randy Highway Apt. 591,North Courtneyfurt,New Mexico,34727,-49.078628,-37.2844285
Erin Luna,66,168 Michael Mountain,Bryanmouth,Delaware,28551,-156.814797,-15.339852
Jennifer Riley,56,0268 Harris Rapids,Lake Johnathanville,Washington,89865,-115.041696,-12.3518045
Nicole Velasquez,47,9724 Lara Estates Apt. 716,Bishopville,Hawaii,4462,-124.931167,-27.634177
Brian Huff,28,0726 Lucero Square,Lake Linda,West Virginia,71561,63.691787,54.6597435
Donna Smith,69,8951 Moore Point Suite 896,Robinsonbury,North Dakota,65741,168.963653,72.4365385
Mackenzie Lopez,76,5251 Michael Mission Suite 065,East Frederick,Wisconsin,4508,27.020294,77.430095
Robert Davidson,39,499 Rosario Meadow,Port Brittany,Delaware,92254,-73.662569,0.8746
Jillian Kennedy,31,00666 David Skyway,Nataliemouth,Colorado,26299,-113.011946,53.1081535
Stephanie Hill,79,300 Brown Road Apt. 532,New Brianhaven,North Carolina,22055,-76.177061,27.5926545
Tracy Levine,54,6529 Daniel Islands Suite 342,Laurafort,Maine,39349,178.141766,83.3701525
Mary Pierce,68,6099 David Oval Suite 821,Briantown,Texas,77739,-116.02697,-64.7167965
Vincent Nguyen,66,74538 Carrie Via Suite 723,Mitchellfurt,South Carolina,92143,53.617767,-75.6891345
Jessica Brown,61,16084 Michael Pine Apt. 174,New Bruceshire,Arkansas,18827,-62.482615,37.7922065
Mrs. Megan Wong,25,102 Hudson Parkways,Henryside,Utah,60299,133.464266,-65.487795
Meghan Sutton,32,2617 Brown Stream,Port Christopher,North Dakota,19437,1.202467,-22.3783615
Benjamin Perez,53,544 Hubbard Unions Apt. 730,Jenniferside,Rhode Island,96556,23.671632,5.7895085
Shawn Reed,62,70465 Jose Fields Apt. 168,Freemanmouth,Idaho,2533,57.738193,59.16732
Elizabeth Chavez,39,9283 Lee Springs Apt. 012,Roseshire,New Hampshire,86795,14.077725,27.5830835
Tara Elliott,30,86954 Smith Bridge,Lake Sarahmouth,Nevada,10758,-161.828323,8.404912
Christopher Parker,59,8032 Oneal Shores,Hamiltontown,Massachusetts,64867,-11.1425,62.0988735
Jeffery Robinson,40,9558 Campbell Underpass Suite 627,East Toddton,Oklahoma,34806,147.350218,22.4643275
Crystal White,72,76323 Munoz Courts Suite 818,Collinsmouth,Indiana,3391,-58.001232,68.8306805
Cheryl Tucker,29,032 Shelby Ways,Chanside,Iowa,34603,-88.055211,-82.289339
Belinda White,40,28749 Gonzales Junction Apt. 060,Kingside,Nevada,18999,164.000202,-50.856967
Brandi Garcia,32,3545 Davis Vista,Susanmouth,New Jersey,39761,36.034221,-20.538002
Judy Logan,72,831 Vincent Haven,Ashleyshire,Connecticut,3208,-26.074454,57.6759525
Linda Blake,44,9028 Jason Mills Suite 175,Annechester,Massachusetts,27037,-152.393464,40.1087515
Steven Weaver,70,05052 Phyllis Port,Martinezview,Minnesota,47959,145.160293,83.744365
Justin Davis,48,941 Lynch Crest Suite 501,East Michaelhaven,Tennessee,85703,-6.532137,80.402672
Shaun Fowler,61,747 Castro Prairie,Jasonshire,Iowa,22999,-88.467868,-11.6569835
Joseph Bradshaw,60,13720 Leah Divide,Theresaborough,Hawaii,56036,-178.008185,17.9303015
Laura Bennett,49,87324 Arnold Cliffs Apt. 303,Yodershire,Wisconsin,4872,60.440184,-39.516862
Robert Hernandez,55,164 Collins Row Suite 922,Alexandraland,North Carolina,19076,-171.402737,22.855261
Cory Ibarra,66,4726 Montoya Mill,New Evanfort,Minnesota,74522,149.484851,-15.5212825
Ricky Blankenship,38,32666 Mary Bridge,Mitchellburgh,Virginia,37343,126.623317,36.915474
Mark Schmidt,49,924 Melissa Points Apt. 478,East Philipland,Idaho,89331,-164.014482,-28.984872
Robert Franco,77,40140 Pham Walks,North Michael,Kansas,10258,60.960781,-9.650475
Charlene Gonzales,75,5165 Pierce Burg,Kleinside,New Mexico,68591,-85.710224,-12.418428
Jennifer Torres,38,58557 Chaney Pass Suite 017,South Alejandra,Illinois,62342,-64.378593,-25.826989
Ashley Brown,27,100 Anthony Row,Linland,Ohio,76978,-155.359583,-20.6765295
Ann Castillo,73,5544 Lance Spring Apt. 278,Travisburgh,South Dakota,89284,72.376496,-46.90061
Joseph King,50,6096 Rose Glen,Katherineview,Rhode Island,42829,69.436834,-18.6367975
Michelle Mills,60,609 Snow Crest Apt. 756,Jenniferhaven,Missouri,81108,-159.257342,40.616522
Stacy Chambers,49,11633 Hughes Drive,Claudiafort,Mississippi,7827,46.546162,31.0711595
Fred Chan,51,902 Jay Tunnel,Landryland,Michigan,82597,-48.613254,72.4539065
Amy Allen,51,554 Richard Glen Suite 712,Garciaville,North Dakota,63883,32.656158,-52.95944
Nicole Robbins,24,576 Chad Road Apt. 405,New Andrew,Illinois,84468,137.826094,75.6688535
Michael Myers,76,8547 Joel Flats,Jamesburgh,North Carolina,47698,68.270799,-60.214012
Joseph Cummings,61,16316 Navarro Lights,South Karenview,Maine,38499,62.258614,-4.889272
Barbara Morgan,79,5621 Page Via,Mendozaborough,Rhode Island,26775,101.571771,88.4369325
Mary Harvey,39,7421 Christopher Port,East Allison,New York,66135,38.968367,-49.287911
Melissa Cohen,55,74477 Matthew Well Apt. 026,North Patriciamouth,Pennsylvania,12365,-176.241558,86.660534
Edwin Aguilar,77,419 Taylor Run Apt. 227,West Allisonmouth,Virginia,84186,-60.620631,-85.895171
Steve Jones,65,4718 Timothy Viaduct Apt. 469,East Ashley,Ohio,32737,153.062419,-77.513795
Angela Weber,64,12518 Woods Falls Apt. 860,East Danielleshire,Washington,36045,164.013532,56.015022
Christopher Collins,66,0737 Mary Pine,Jimmyhaven,New Jersey,28854,176.868247,-36.940036
Lindsey Bishop,56,23049 Stewart Junctions Apt. 828,Lake Emilytown,New Mexico,88241,-100.599232,29.5974005
Diane Duarte,37,5562 Jacqueline Wells Apt. 750,Gallegosbury,New York,39668,31.704906,-52.7363965
Emily Chambers,53,2667 April Squares Apt. 617,Michelleport,Michigan,78924,-64.822329,-77.1820025
Robert Bradley,67,5248 Waller Corner,Bobbyfurt,Florida,45975,81.959879,51.5121155
Robert Richardson,65,23155 Gonzales Meadows,East Jennaville,Indiana,88448,22.336095,-48.1914755
Jenny Wall,28,770 William Roads Apt. 732,Ruizstad,Mississippi,77022,-109.924406,4.8527165
Patricia Smith,70,72865 Jesse Trafficway Apt. 767,East Michelle,Nevada,52085,13.223862,-72.952028
Matthew Sullivan,45,8235 Carolyn Forge Apt. 092,Moodyville,Virginia,539,-13.5393,-63.4380285
Brandy Smith,61,48617 Amanda Creek Suite 368,Smithborough,Colorado,99004,69.665867,63.944519
Caroline Frederick MD,35,984 Blair Common,Simpsonfurt,Rhode Island,17429,100.73266,-20.1878495
Michael Hill,33,79303 Potts Unions Suite 746,Port Nathaniel,Utah,18204,176.720455,21.8366285
April Villanueva,30,327 Dean Stravenue Suite 098,Sarahfurt,Hawaii,21657,109.011866,-37.4447165
Michele Rogers,27,0113 Miller Mount,New Christina,Montana,19489,-175.959446,4.693785
Sharon Harvey,65,864 Larson Corner Apt. 865,Lake Jennafort,Alabama,13903,115.350163,-0.6257675
Cynthia Weeks,46,108 Carter Flats Suite 529,New Bryanport,New Hampshire,67386,-84.409864,-38.284227
Mitchell Brown,78,02135 Aguilar Glen,Timothytown,Kentucky,42810,-179.864347,-5.699275
Alexandra Smith,19,79906 Lauren Lock Apt. 689,New Stephanie,South Carolina,76630,87.053282,74.1169945
Kristi Perez,39,89126 Heidi Valley,Lake Stephanie,Kansas,31307,-90.74383,86.9678315
Christopher Steele,36,88545 Bruce Squares,Port Christopher,Virginia,81861,29.777029,-21.982806
Preston Wolfe,59,99726 Tanner Forest,Russellport,New Mexico,20008,-136.934255,-14.62665
Dean Mcmahon,75,953 Stanton Keys Apt. 138,Lake Deborah,New Hampshire,52576,-46.724915,-11.579508